"ZProj","GFP_mask","GFP_area","GFP_mean","GFP_circ","GFP_intDen","GFP_RawintDen","GFP_AR","GFP_Round","GFP_Solidarity","RowID","ZProj_r","RFP_mask","RFP_area","RFP_mean","RFP_circ","RFP_intDen","RFP_RawintDen","RFP_AR","RFP_Round","RFP_Solidarity","image","condition","type","construct","nucleus_id","gfp_pass","rfp_pass","keep"
1,"Image-0001:0001-0494",20.313,1.944,0.931,3776.664,1603.534,1.374,0.725,0.959,1,1,"Image-0001:0001-0193",34.038,9,0.653,2185.881,7106.118,0.768,0.773,0.718,"6","Moments","MAX","Single","GFP:Image-0001:0001-0494 | RFP:Image-0001:0001-0193",TRUE,FALSE,FALSE
1,"Image-0001:0002-0330",39.267,8.958,0.716,11716.828,9251.953,2.26,0.979,0.804,2,1,"Image-0001:0002-0340",36.396,3.675,0.65,3336.691,5019.445,1.207,0.938,0.755,"6","Moments","MAX","Single","GFP:Image-0001:0002-0330 | RFP:Image-0001:0002-0340",FALSE,FALSE,FALSE
1,"Image-0001:0003-0162",30.054,5.769,0.693,2531.546,4904.943,1.3,0.705,0.7,3,1,"Image-0001:0003-0399",42.903,5.969,0.891,3700.86,11518.653,1.595,0.849,0.789,"6","Moments","MAX","Single","GFP:Image-0001:0003-0162 | RFP:Image-0001:0003-0399",FALSE,TRUE,FALSE
1,"Image-0001:0004-0083",105.778,6.281,0.883,16942.567,2346.109,1.882,0.824,0.973,4,1,"Image-0001:0004-0296",26.104,5.88,0.819,4206.506,15282.12,0.656,0.854,0.813,"6","Moments","MAX","Single","GFP:Image-0001:0004-0083 | RFP:Image-0001:0004-0296",TRUE,TRUE,TRUE
1,"Image-0001:0005-0237",93.125,5.217,0.885,9340.634,7206.414,1.033,0.768,0.986,5,1,"Image-0001:0005-0206",72.674,4.466,0.843,3949.977,3266.616,1.133,0.722,0.914,"6","Moments","MAX","Single","GFP:Image-0001:0005-0237 | RFP:Image-0001:0005-0206",TRUE,TRUE,TRUE
1,"Image-0001:0006-0155",41.06,8.846,0.952,2627.156,1649.929,1.063,0.73,0.847,6,1,"Image-0001:0006-0151",43.914,4,0.649,17611.012,6240.658,0.857,0.804,0.738,"6","Moments","MAX","Single","GFP:Image-0001:0006-0155 | RFP:Image-0001:0006-0151",TRUE,FALSE,FALSE
1,"Image-0001:0007-0131",39.704,5.527,0.903,3035.963,5444.844,0.838,0.845,0.839,7,1,"Image-0001:0007-0201",15.712,4.701,0.951,1774.971,6212.675,1.882,0.927,0.829,"6","Moments","MAX","Single","GFP:Image-0001:0007-0131 | RFP:Image-0001:0007-0201",TRUE,FALSE,FALSE
1,"Image-0001:0008-0058",26.142,6.624,0.643,2443.193,4390.651,2.116,0.895,0.879,8,1,"Image-0001:0008-0243",75.864,7.65,0.937,3502.951,4004.408,1.836,0.816,0.709,"6","Moments","MAX","Single","GFP:Image-0001:0008-0058 | RFP:Image-0001:0008-0243",FALSE,TRUE,FALSE
1,"Image-0001:0009-0137",53.138,5.438,0.704,1124.317,16919.428,0.843,0.976,0.972,9,1,"Image-0001:0009-0056",68.216,5.122,0.618,5979.519,2983.591,1.35,0.702,0.836,"6","Moments","MAX","Single","GFP:Image-0001:0009-0137 | RFP:Image-0001:0009-0056",FALSE,FALSE,FALSE
1,"Image-0001:0010-0312",49.522,12.336,0.668,8957.024,2982.609,1.626,0.809,0.752,10,1,"Image-0001:0010-0202",54.296,4.42,0.883,14641.977,5992.698,1.875,0.916,0.938,"6","Moments","MAX","Single","GFP:Image-0001:0010-0312 | RFP:Image-0001:0010-0202",FALSE,TRUE,FALSE
1,"Image-0001:0011-0033",18.737,7.679,0.9,10810.282,4216.966,1.194,0.957,0.936,11,1,"Image-0001:0011-0434",12.212,6.458,0.814,4982.583,9498.207,0.942,0.867,0.841,"6","Moments","MAX","Single","GFP:Image-0001:0011-0033 | RFP:Image-0001:0011-0434",FALSE,FALSE,FALSE
1,"Image-0001:0012-0336",33.841,6.719,0.642,4277.577,25037.579,1.026,0.79,0.77,12,1,"Image-0001:0012-0403",23.533,3.689,0.978,11149.431,16878.394,1.624,0.721,0.771,"6","Moments","MAX","Single","GFP:Image-0001:0012-0336 | RFP:Image-0001:0012-0403",FALSE,TRUE,FALSE
1,"Image-0001:0013-0365",117.855,11.171,0.642,5476.553,2379.297,1.605,0.84,0.873,13,1,"Image-0001:0013-0058",48.488,9.192,0.965,1481.114,1577.494,1.025,0.804,0.966,"6","Moments","MAX","Single","GFP:Image-0001:0013-0365 | RFP:Image-0001:0013-0058",FALSE,TRUE,FALSE
1,"Image-0001:0014-0098",36.615,6.557,0.619,2804.216,16910.188,2.093,0.743,0.952,14,1,"Image-0001:0014-0469",33.996,4.984,0.782,12889.751,3671.268,1.345,0.824,0.738,"6","Moments","MAX","Single","GFP:Image-0001:0014-0098 | RFP:Image-0001:0014-0469",FALSE,FALSE,FALSE
1,"Image-0001:0015-0174",19.533,3.733,0.612,4761.763,7909.475,0.811,0.942,0.74,15,1,"Image-0001:0015-0031",40.805,6.525,0.906,2888.077,4827.089,1.116,0.793,0.781,"6","Moments","MAX","Single","GFP:Image-0001:0015-0174 | RFP:Image-0001:0015-0031",FALSE,TRUE,FALSE
1,"Image-0001:0016-0119",58.449,6.862,0.801,2376.137,31260.462,1.244,0.9,0.969,16,1,"Image-0001:0016-0266",144.858,6.174,0.802,3859.283,1873.924,1.123,0.921,0.965,"6","Moments","MAX","Single","GFP:Image-0001:0016-0119 | RFP:Image-0001:0016-0266",TRUE,TRUE,TRUE
1,"Image-0001:0017-0029",21.699,3.451,0.635,14642.348,4970.909,0.978,0.719,0.835,17,1,"Image-0001:0017-0244",20.267,6.049,0.681,2154.136,3549.729,1.439,0.817,0.925,"6","Moments","MAX","Single","GFP:Image-0001:0017-0029 | RFP:Image-0001:0017-0244",FALSE,FALSE,FALSE
1,"Image-0001:0018-0419",17.341,8.232,0.883,2647.639,3990.249,1.213,0.829,0.968,18,1,"Image-0001:0018-0386",9.319,12.475,0.887,5143.283,3483.712,0.826,0.886,0.729,"6","Moments","MAX","Single","GFP:Image-0001:0018-0419 | RFP:Image-0001:0018-0386",FALSE,FALSE,FALSE
1,"Image-0001:0019-0379",32.105,8.688,0.879,5187.454,17337.761,1.816,0.819,0.775,19,1,"Image-0001:0019-0141",39.026,4.349,0.907,16341.703,3619.898,1.133,0.887,0.945,"6","Moments","MAX","Single","GFP:Image-0001:0019-0379 | RFP:Image-0001:0019-0141",TRUE,TRUE,TRUE
1,"Image-0001:0020-0376",46.925,11.453,0.939,8831.154,12111.601,0.794,0.909,0.725,20,1,"Image-0001:0020-0076",21.921,9.566,0.883,25520.89,1297.009,1.286,0.941,0.958,"6","Moments","MAX","Single","GFP:Image-0001:0020-0376 | RFP:Image-0001:0020-0076",TRUE,TRUE,TRUE
1,"Image-0001:0021-0396",27.374,3.99,0.795,5270.855,9640.858,1.234,0.898,0.715,21,1,"Image-0001:0021-0196",43.277,6.127,0.677,2203.843,6970.157,1.082,0.896,0.735,"6","Moments","MAX","Single","GFP:Image-0001:0021-0396 | RFP:Image-0001:0021-0196",FALSE,FALSE,FALSE
1,"Image-0001:0022-0306",5.629,5.04,0.927,6074.833,832,1.149,0.822,0.994,22,1,"Image-0001:0022-0062",20.34,4.332,0.719,6580.704,3857.035,1.26,0.904,0.741,"6","Moments","MAX","Single","GFP:Image-0001:0022-0306 | RFP:Image-0001:0022-0062",FALSE,FALSE,FALSE
1,"Image-0001:0023-0098",18.14,5.435,0.765,2184.078,5020.774,0.843,0.792,0.845,23,1,"Image-0001:0023-0431",124.865,5.886,0.73,12378.34,17402.059,1.11,0.823,0.864,"6","Moments","MAX","Single","GFP:Image-0001:0023-0098 | RFP:Image-0001:0023-0431",FALSE,FALSE,FALSE
1,"Image-0001:0024-0292",41.435,8.193,0.653,15114.523,5799.611,1.012,0.777,0.954,24,1,"Image-0001:0024-0134",30.747,8.156,0.829,4083.78,10479.426,1.985,0.899,0.718,"6","Moments","MAX","Single","GFP:Image-0001:0024-0292 | RFP:Image-0001:0024-0134",FALSE,TRUE,FALSE
1,"Image-0001:0025-0429",36.457,2.836,0.765,2272.416,4301.112,1.12,0.902,0.825,25,1,"Image-0001:0025-0068",24.868,5.103,0.953,4019.914,2170.102,1.513,0.708,0.849,"6","Moments","MAX","Single","GFP:Image-0001:0025-0429 | RFP:Image-0001:0025-0068",FALSE,TRUE,FALSE
1,"Image-0001:0026-0494",14.813,7.296,0.972,2761.134,4093.524,1.299,0.968,0.847,26,1,"Image-0001:0026-0334",29.971,4.442,0.951,3783.458,6430.945,2.974,0.945,0.702,"6","Moments","MAX","Single","GFP:Image-0001:0026-0494 | RFP:Image-0001:0026-0334",FALSE,TRUE,FALSE
1,"Image-0001:0027-0488",24.394,6.365,0.782,11459.907,2357.637,1.457,0.954,0.755,27,1,"Image-0001:0027-0179",55.564,6.431,0.754,7116.855,3961.43,0.962,0.723,0.954,"6","Moments","MAX","Single","GFP:Image-0001:0027-0488 | RFP:Image-0001:0027-0179",FALSE,FALSE,FALSE
1,"Image-0001:0028-0118",4.072,4.302,0.69,8546.454,4668.892,0.898,0.818,0.928,28,1,"Image-0001:0028-0199",35.107,8.984,0.895,12455.765,11179.051,1.559,0.97,0.719,"6","Moments","MAX","Single","GFP:Image-0001:0028-0118 | RFP:Image-0001:0028-0199",FALSE,TRUE,FALSE
1,"Image-0001:0029-0014",81.391,4.192,0.693,2276.161,1778.007,1.537,0.724,0.792,29,1,"Image-0001:0029-0413",12.486,5.874,0.919,7578.511,6230.11,2.292,0.721,0.946,"6","Moments","MAX","Single","GFP:Image-0001:0029-0014 | RFP:Image-0001:0029-0413",FALSE,FALSE,FALSE
1,"Image-0001:0030-0221",48.19,5.001,0.805,3659.148,4788.096,0.766,0.949,0.75,30,1,"Image-0001:0030-0171",33.024,3.474,0.89,5859.795,4064.652,1.337,0.757,0.862,"6","Moments","MAX","Single","GFP:Image-0001:0030-0221 | RFP:Image-0001:0030-0171",TRUE,TRUE,TRUE
1,"Image-0001:0031-0427",33.874,4.234,0.847,4144.356,15348.652,1.206,0.722,0.71,31,1,"Image-0001:0031-0096",52.256,3.587,0.754,3791.168,8159.008,0.883,0.933,0.85,"6","Moments","MAX","Single","GFP:Image-0001:0031-0427 | RFP:Image-0001:0031-0096",TRUE,FALSE,FALSE
1,"Image-0001:0032-0357",39.724,5.534,0.724,3880.848,6868.981,1.592,0.734,0.741,32,1,"Image-0001:0032-0237",33.899,4.449,0.719,6638.109,6679.682,0.903,0.761,0.707,"6","Moments","MAX","Single","GFP:Image-0001:0032-0357 | RFP:Image-0001:0032-0237",FALSE,FALSE,FALSE
1,"Image-0001:0033-0369",20.716,5.931,0.614,1552.885,3032.276,0.789,0.892,0.753,33,1,"Image-0001:0033-0066",51.472,4.9,0.623,3187.724,5349.55,1.208,0.821,0.866,"6","Moments","MAX","Single","GFP:Image-0001:0033-0369 | RFP:Image-0001:0033-0066",FALSE,FALSE,FALSE
1,"Image-0001:0034-0268",27.96,3.902,0.769,21556.723,5752.301,1.079,0.796,0.856,34,1,"Image-0001:0034-0157",30.329,5.998,0.869,3851.657,24684.318,1.809,0.834,0.916,"6","Moments","MAX","Single","GFP:Image-0001:0034-0268 | RFP:Image-0001:0034-0157",FALSE,TRUE,FALSE
1,"Image-0001:0035-0323",96.455,6.642,0.922,2527.12,19183.51,1.234,0.757,0.943,35,1,"Image-0001:0035-0402",31.985,7.911,0.679,10089.975,4144.054,1.53,0.882,0.771,"6","Moments","MAX","Single","GFP:Image-0001:0035-0323 | RFP:Image-0001:0035-0402",TRUE,FALSE,FALSE
1,"Image-0001:0036-0490",48.115,8.119,0.817,1144.643,5699.832,1.264,0.818,0.735,36,1,"Image-0001:0036-0036",44.231,5.084,0.85,6381.429,4317.575,0.643,0.873,0.944,"6","Moments","MAX","Single","GFP:Image-0001:0036-0490 | RFP:Image-0001:0036-0036",TRUE,TRUE,TRUE
2,"Image-0002:0001-0467",41.353,7.511,0.701,6481.172,14470.026,1.284,0.777,0.899,1,2,"Image-0002:0001-0041",34.098,6.018,0.823,10648.79,5045.228,2.024,0.894,0.974,"6","Yen","AVG","Single","GFP:Image-0002:0001-0467 | RFP:Image-0002:0001-0041",FALSE,TRUE,FALSE
2,"Image-0002:0002-0121",10.585,5.875,0.866,2631.956,6232.019,1.334,0.838,0.735,2,2,"Image-0002:0002-0109",17.397,8.252,0.617,3482.807,2368.695,2.038,0.953,0.933,"6","Yen","AVG","Single","GFP:Image-0002:0002-0121 | RFP:Image-0002:0002-0109",FALSE,FALSE,FALSE
2,"Image-0002:0003-0170",11.216,4.814,0.975,7643.21,9993.246,1.374,0.95,0.971,3,2,"Image-0002:0003-0057",8.366,2.707,0.704,11063.138,10843.647,0.685,0.748,0.992,"6","Yen","AVG","Single","GFP:Image-0002:0003-0170 | RFP:Image-0002:0003-0057",FALSE,FALSE,FALSE
2,"Image-0002:0004-0115",16.893,5.342,0.991,3630.43,17903.807,0.905,0.799,0.73,4,2,"Image-0002:0004-0088",16.049,3.853,0.675,3412.978,7657.093,0.951,0.809,0.749,"6","Yen","AVG","Single","GFP:Image-0002:0004-0115 | RFP:Image-0002:0004-0088",FALSE,FALSE,FALSE
2,"Image-0002:0005-0144",26.876,4.625,0.62,6744.597,7229.588,1.108,0.852,0.87,5,2,"Image-0002:0005-0224",35.462,6.955,0.827,5672.593,11380.24,1.87,0.783,0.794,"6","Yen","AVG","Single","GFP:Image-0002:0005-0144 | RFP:Image-0002:0005-0224",FALSE,TRUE,FALSE
2,"Image-0002:0006-0034",69.64,5.681,0.752,6358.828,12755.379,0.903,0.932,0.775,6,2,"Image-0002:0006-0417",17.815,5.253,0.626,1932.079,9189.274,0.888,0.737,0.832,"6","Yen","AVG","Single","GFP:Image-0002:0006-0034 | RFP:Image-0002:0006-0417",FALSE,FALSE,FALSE
2,"Image-0002:0007-0033",28.092,4.168,0.921,4067.276,6956.895,1.009,0.754,0.874,7,2,"Image-0002:0007-0354",50.063,8.828,0.775,4487.858,3923.41,0.753,0.87,0.895,"6","Yen","AVG","Single","GFP:Image-0002:0007-0033 | RFP:Image-0002:0007-0354",TRUE,FALSE,FALSE
2,"Image-0002:0008-0264",36.504,2.737,0.818,6808.035,2083.55,0.85,0.998,0.986,8,2,"Image-0002:0008-0020",51.165,4.048,0.821,9230.487,6807.367,1.462,0.902,0.907,"6","Yen","AVG","Single","GFP:Image-0002:0008-0264 | RFP:Image-0002:0008-0020",TRUE,TRUE,TRUE
2,"Image-0002:0009-0331",31.856,5.541,0.721,7347.015,6097.789,0.874,0.987,0.918,9,2,"Image-0002:0009-0348",37.729,8.081,0.816,3552.53,1578.315,2.054,0.701,0.76,"6","Yen","AVG","Single","GFP:Image-0002:0009-0331 | RFP:Image-0002:0009-0348",FALSE,TRUE,FALSE
2,"Image-0002:0010-0301",21.69,9.19,0.76,4181.854,9923.841,1.475,0.855,0.821,10,2,"Image-0002:0010-0243",29.342,4.63,0.702,9774.503,8536.125,2.182,0.94,0.94,"6","Yen","AVG","Single","GFP:Image-0002:0010-0301 | RFP:Image-0002:0010-0243",FALSE,FALSE,FALSE
2,"Image-0002:0011-0445",74.987,12.819,0.61,11165.342,8455.902,1.126,0.736,0.848,11,2,"Image-0002:0011-0235",14.594,3.876,0.666,26871.914,11828.054,1.433,0.759,0.931,"6","Yen","AVG","Single","GFP:Image-0002:0011-0445 | RFP:Image-0002:0011-0235",FALSE,FALSE,FALSE
2,"Image-0002:0012-0273",17.152,6.056,0.939,13028.465,5314.946,1.13,0.869,0.902,12,2,"Image-0002:0012-0398",27.512,5.274,0.891,7701.315,3251.865,1.516,0.9,0.898,"6","Yen","AVG","Single","GFP:Image-0002:0012-0273 | RFP:Image-0002:0012-0398",FALSE,TRUE,FALSE
2,"Image-0002:0013-0215",28.874,5.858,0.611,3092.101,2559.61,2.052,0.711,0.84,13,2,"Image-0002:0013-0028",25.236,6.171,0.682,3346.832,1345.852,1.445,0.936,0.742,"6","Yen","AVG","Single","GFP:Image-0002:0013-0215 | RFP:Image-0002:0013-0028",FALSE,FALSE,FALSE
2,"Image-0002:0014-0154",26.878,8.892,0.86,2852.188,9437.806,1.2,0.986,0.789,14,2,"Image-0002:0014-0072",49.301,3.702,0.835,4261.322,2067.345,1.215,0.986,0.9,"6","Yen","AVG","Single","GFP:Image-0002:0014-0154 | RFP:Image-0002:0014-0072",TRUE,TRUE,TRUE
2,"Image-0002:0015-0195",45.571,6.181,0.838,7040.799,3160.485,1.04,0.704,0.864,15,2,"Image-0002:0015-0480",72.615,4.457,0.965,2939.656,2754.021,0.444,0.815,0.746,"6","Yen","AVG","Single","GFP:Image-0002:0015-0195 | RFP:Image-0002:0015-0480",TRUE,TRUE,TRUE
2,"Image-0002:0016-0430",86.864,5.084,0.724,2593.287,2499.194,1.528,0.873,0.921,16,2,"Image-0002:0016-0116",44.729,3.675,0.683,18303.854,14309.64,1.535,0.858,0.873,"6","Yen","AVG","Single","GFP:Image-0002:0016-0430 | RFP:Image-0002:0016-0116",FALSE,FALSE,FALSE
2,"Image-0002:0017-0250",45.073,3.019,0.994,3588.191,9103.82,1.055,0.923,0.931,17,2,"Image-0002:0017-0383",16.828,9.086,0.933,502.027,6017.561,1.086,0.817,0.884,"6","Yen","AVG","Single","GFP:Image-0002:0017-0250 | RFP:Image-0002:0017-0383",TRUE,FALSE,FALSE
2,"Image-0002:0018-0154",75.901,3.649,0.931,8621.832,2532.678,1.844,0.757,0.944,18,2,"Image-0002:0018-0379",90.251,8.08,0.724,4215.069,2523.858,1.654,0.74,0.745,"6","Yen","AVG","Single","GFP:Image-0002:0018-0154 | RFP:Image-0002:0018-0379",TRUE,FALSE,FALSE
2,"Image-0002:0019-0089",52.345,7.117,0.842,3289.748,7122.792,1.091,0.789,0.8,19,2,"Image-0002:0019-0317",60.716,4.003,0.675,4302.26,8857.23,1.012,0.942,0.861,"6","Yen","AVG","Single","GFP:Image-0002:0019-0089 | RFP:Image-0002:0019-0317",TRUE,FALSE,FALSE
2,"Image-0002:0020-0361",22.766,3.374,0.654,1274.504,6014.572,1.015,0.834,0.967,20,2,"Image-0002:0020-0136",37.868,7.561,0.808,4624.915,1302.181,0.748,0.906,0.871,"6","Yen","AVG","Single","GFP:Image-0002:0020-0361 | RFP:Image-0002:0020-0136",FALSE,TRUE,FALSE
2,"Image-0002:0021-0189",34.776,9.202,0.947,7824.957,2369.071,0.86,0.817,0.793,21,2,"Image-0002:0021-0324",8.812,5.462,0.674,1338.528,5049.694,1.775,0.788,0.881,"6","Yen","AVG","Single","GFP:Image-0002:0021-0189 | RFP:Image-0002:0021-0324",TRUE,FALSE,FALSE
2,"Image-0002:0022-0034",75.614,3.53,0.83,1600.741,13708.721,1.348,0.897,0.91,22,2,"Image-0002:0022-0244",18.676,3.875,0.69,4633.87,13082.096,1.29,0.826,0.952,"6","Yen","AVG","Single","GFP:Image-0002:0022-0034 | RFP:Image-0002:0022-0244",TRUE,FALSE,FALSE
2,"Image-0002:0023-0495",12.978,5.599,0.919,1904.129,3964.109,1.896,0.884,0.758,23,2,"Image-0002:0023-0307",31.781,7.16,0.983,4542.188,4725.973,3.485,0.921,0.858,"6","Yen","AVG","Single","GFP:Image-0002:0023-0495 | RFP:Image-0002:0023-0307",FALSE,TRUE,FALSE
2,"Image-0002:0024-0204",40.24,6.044,0.61,594.337,13904.737,1.098,0.919,0.993,24,2,"Image-0002:0024-0201",52.289,5.317,0.677,9612.647,14970.05,1.607,0.955,0.774,"6","Yen","AVG","Single","GFP:Image-0002:0024-0204 | RFP:Image-0002:0024-0201",FALSE,FALSE,FALSE
2,"Image-0002:0025-0151",30.142,6.019,0.702,8794.365,4304.759,1.321,0.796,0.751,25,2,"Image-0002:0025-0398",16.315,8.603,0.989,5746.015,21093.637,1.673,0.723,0.79,"6","Yen","AVG","Single","GFP:Image-0002:0025-0151 | RFP:Image-0002:0025-0398",FALSE,FALSE,FALSE
2,"Image-0002:0026-0466",56.074,6.429,0.902,5859.198,4013.665,1.35,0.743,0.751,26,2,"Image-0002:0026-0118",227.402,5.596,0.972,8695.992,2650.531,1.536,0.785,0.954,"6","Yen","AVG","Single","GFP:Image-0002:0026-0466 | RFP:Image-0002:0026-0118",TRUE,TRUE,TRUE
2,"Image-0002:0027-0065",51.941,7.686,0.931,6792.711,5873.123,1.871,0.716,0.888,27,2,"Image-0002:0027-0478",7.154,9.73,0.687,2037.641,2679.535,1.019,0.733,0.834,"6","Yen","AVG","Single","GFP:Image-0002:0027-0065 | RFP:Image-0002:0027-0478",TRUE,FALSE,FALSE
2,"Image-0002:0028-0181",39.671,5.752,0.808,8878.204,4672.082,1.491,0.987,0.92,28,2,"Image-0002:0028-0435",28.744,4.934,0.744,3650.851,3164.914,1.093,0.767,0.909,"6","Yen","AVG","Single","GFP:Image-0002:0028-0181 | RFP:Image-0002:0028-0435",TRUE,FALSE,FALSE
2,"Image-0002:0029-0192",81.1,5.477,0.854,4772.473,4676.846,0.885,0.708,0.982,29,2,"Image-0002:0029-0026",28.34,6.605,0.639,4555.16,8691.577,1.679,0.714,0.984,"6","Yen","AVG","Single","GFP:Image-0002:0029-0192 | RFP:Image-0002:0029-0026",TRUE,FALSE,FALSE
2,"Image-0002:0030-0466",13.259,6.45,0.794,2266.738,3247.481,0.991,0.976,0.93,30,2,"Image-0002:0030-0451",22.242,7.015,0.947,4819.143,10770.382,1.676,0.718,0.872,"6","Yen","AVG","Single","GFP:Image-0002:0030-0466 | RFP:Image-0002:0030-0451",FALSE,TRUE,FALSE
2,"Image-0002:0031-0481",57.193,5.086,0.832,7292.801,2568.229,0.976,0.81,0.75,31,2,"Image-0002:0031-0064",27.347,6.764,0.998,2450.701,13994.167,1.455,0.86,0.848,"6","Yen","AVG","Single","GFP:Image-0002:0031-0481 | RFP:Image-0002:0031-0064",TRUE,TRUE,TRUE
2,"Image-0002:0032-0247",12.836,11.189,0.639,12238.663,9221.57,1.274,0.91,0.784,32,2,"Image-0002:0032-0492",51.699,6.559,0.829,11217.381,14907.665,0.908,0.729,0.849,"6","Yen","AVG","Single","GFP:Image-0002:0032-0247 | RFP:Image-0002:0032-0492",FALSE,TRUE,FALSE
2,"Image-0002:0033-0076",47.117,2.539,0.936,1719.597,3414.061,1.22,0.871,0.828,33,2,"Image-0002:0033-0119",19.598,6.018,0.836,2595.573,12746.508,2.025,0.826,0.728,"6","Yen","AVG","Single","GFP:Image-0002:0033-0076 | RFP:Image-0002:0033-0119",TRUE,FALSE,FALSE
2,"Image-0002:0034-0173",34.945,9.123,0.76,3213.473,2290.396,1.364,0.785,0.951,34,2,"Image-0002:0034-0467",9.491,5.834,0.88,1286.631,11589.569,0.811,0.736,0.988,"6","Yen","AVG","Single","GFP:Image-0002:0034-0173 | RFP:Image-0002:0034-0467",FALSE,FALSE,FALSE
2,"Image-0002:0035-0300",59.167,5.477,0.908,4005.519,4207.006,1.003,0.703,0.745,35,2,"Image-0002:0035-0257",35.032,10.444,0.83,5279.267,6730.214,1.073,0.978,0.76,"6","Yen","AVG","Single","GFP:Image-0002:0035-0300 | RFP:Image-0002:0035-0257",TRUE,TRUE,TRUE
2,"Image-0002:0036-0048",34.719,7.163,0.98,1992.652,3426.673,1.091,0.826,0.9,36,2,"Image-0002:0036-0101",33.079,8.699,0.665,6342.246,3223.758,2.454,0.703,0.86,"6","Yen","AVG","Single","GFP:Image-0002:0036-0048 | RFP:Image-0002:0036-0101",TRUE,FALSE,FALSE
2,"Image-0002:0037-0490",12.92,8.981,0.705,7989.425,1293.426,1.526,0.884,0.945,37,2,"Image-0002:0037-0491",32.856,4.74,0.812,7713.2,3610.81,1.429,0.845,0.741,"6","Yen","AVG","Single","GFP:Image-0002:0037-0490 | RFP:Image-0002:0037-0491",FALSE,TRUE,FALSE
2,"Image-0002:0038-0197",9.927,8.451,0.931,3231.083,4896.833,1.185,0.701,0.902,38,2,"Image-0002:0038-0159",49.441,10.576,0.8,2053.738,7984.983,1.634,0.927,0.772,"6","Yen","AVG","Single","GFP:Image-0002:0038-0197 | RFP:Image-0002:0038-0159",FALSE,TRUE,FALSE
3,"Image-0003:0001-0456",158.421,4.417,0.647,9154.717,25407.004,0.937,0.879,0.724,1,3,"Image-0003:0001-0247",34.701,4.926,0.651,2820.98,8566.483,1.099,0.965,0.714,"8","Moments+Yen","MAX","Single","GFP:Image-0003:0001-0456 | RFP:Image-0003:0001-0247",FALSE,FALSE,FALSE
3,"Image-0003:0002-0293",50.739,3.223,0.944,5176.809,15757.373,0.95,0.945,0.763,2,3,"Image-0003:0002-0207",40.46,5.708,0.62,11642.521,4704.899,0.725,0.819,0.857,"8","Moments+Yen","MAX","Single","GFP:Image-0003:0002-0293 | RFP:Image-0003:0002-0207",TRUE,FALSE,FALSE
3,"Image-0003:0003-0449",18.912,6.851,0.762,6708.145,21043.541,1.783,0.932,0.901,3,3,"Image-0003:0003-0074",70.835,7.072,0.615,1854.85,10202.991,1.239,0.737,0.941,"8","Moments+Yen","MAX","Single","GFP:Image-0003:0003-0449 | RFP:Image-0003:0003-0074",FALSE,FALSE,FALSE
3,"Image-0003:0004-0408",32.124,2.209,0.827,5478.766,3297.597,1.142,0.889,0.836,4,3,"Image-0003:0004-0348",56.011,7.651,0.985,2467.781,3829.838,0.872,0.998,0.772,"8","Moments+Yen","MAX","Single","GFP:Image-0003:0004-0408 | RFP:Image-0003:0004-0348",TRUE,TRUE,TRUE
3,"Image-0003:0005-0341",25.24,4.258,0.796,14035.244,5097.342,1.159,0.732,0.828,5,3,"Image-0003:0005-0327",27.551,5.395,0.739,17676.627,9115.297,0.966,0.978,0.991,"8","Moments+Yen","MAX","Single","GFP:Image-0003:0005-0341 | RFP:Image-0003:0005-0327",FALSE,FALSE,FALSE
3,"Image-0003:0006-0219",80.641,5.453,0.653,6188.287,30060.478,0.986,0.958,0.869,6,3,"Image-0003:0006-0222",26.099,4.961,0.911,55171.703,5377.163,1.576,0.721,0.843,"8","Moments+Yen","MAX","Single","GFP:Image-0003:0006-0219 | RFP:Image-0003:0006-0222",FALSE,TRUE,FALSE
3,"Image-0003:0007-0263",75.886,9.878,0.938,6873.475,10938.01,1.213,0.978,0.714,7,3,"Image-0003:0007-0145",38.943,8.755,0.689,6664.639,2522.233,2.073,0.962,0.702,"8","Moments+Yen","MAX","Single","GFP:Image-0003:0007-0263 | RFP:Image-0003:0007-0145",TRUE,FALSE,FALSE
3,"Image-0003:0008-0181",24.349,8.804,0.919,1367.219,11328.71,0.693,0.843,0.897,8,3,"Image-0003:0008-0374",20.282,5.878,0.919,22594.567,16903.879,1.574,0.78,0.75,"8","Moments+Yen","MAX","Single","GFP:Image-0003:0008-0181 | RFP:Image-0003:0008-0374",TRUE,TRUE,TRUE
3,"Image-0003:0009-0451",32.256,8.219,0.868,8963.238,14438.716,1.616,0.754,0.911,9,3,"Image-0003:0009-0436",10.478,3.965,0.741,3041.798,5531.39,1.037,0.887,0.977,"8","Moments+Yen","MAX","Single","GFP:Image-0003:0009-0451 | RFP:Image-0003:0009-0436",TRUE,FALSE,FALSE
3,"Image-0003:0010-0024",17.208,4.484,0.695,4075.883,9963.57,1.52,0.821,0.922,10,3,"Image-0003:0010-0360",24.275,3.468,0.611,12081.471,5170.432,1.319,0.845,0.861,"8","Moments+Yen","MAX","Single","GFP:Image-0003:0010-0024 | RFP:Image-0003:0010-0360",FALSE,FALSE,FALSE
3,"Image-0003:0011-0409",55.261,9.93,0.985,1198.899,19443.731,1.854,0.992,0.866,11,3,"Image-0003:0011-0336",38.929,8.703,0.858,5002.549,2485.772,1.336,0.857,0.908,"8","Moments+Yen","MAX","Single","GFP:Image-0003:0011-0409 | RFP:Image-0003:0011-0336",TRUE,TRUE,TRUE
3,"Image-0003:0012-0352",46.43,5.653,0.883,5610.287,3736.004,1.15,0.996,0.72,12,3,"Image-0003:0012-0213",36.237,6.884,0.797,2049.968,17738.688,1.345,0.874,0.809,"8","Moments+Yen","MAX","Single","GFP:Image-0003:0012-0352 | RFP:Image-0003:0012-0213",TRUE,FALSE,FALSE
3,"Image-0003:0013-0405",70.371,11.488,0.837,5793.21,4595.451,1.568,0.86,0.872,13,3,"Image-0003:0013-0498",31.057,6.936,0.706,4988.534,2858.253,1.207,0.958,0.927,"8","Moments+Yen","MAX","Single","GFP:Image-0003:0013-0405 | RFP:Image-0003:0013-0498",TRUE,FALSE,FALSE
3,"Image-0003:0014-0437",17.075,3.476,0.984,7919.472,4277.454,0.85,0.706,0.851,14,3,"Image-0003:0014-0024",13.132,9.859,0.737,5314.17,8041.754,0.866,0.789,0.836,"8","Moments+Yen","MAX","Single","GFP:Image-0003:0014-0437 | RFP:Image-0003:0014-0024",FALSE,FALSE,FALSE
3,"Image-0003:0015-0305",41.264,5.251,0.968,7533.959,4109.754,1.526,0.785,0.836,15,3,"Image-0003:0015-0329",35.527,10.326,0.628,2779.164,11914.354,1.445,0.787,0.786,"8","Moments+Yen","MAX","Single","GFP:Image-0003:0015-0305 | RFP:Image-0003:0015-0329",TRUE,FALSE,FALSE
3,"Image-0003:0016-0251",24.297,6.046,0.633,7274.141,5220.077,1.346,0.896,0.91,16,3,"Image-0003:0016-0146",38.85,8.005,0.634,7298.749,18725.469,1.022,0.819,0.741,"8","Moments+Yen","MAX","Single","GFP:Image-0003:0016-0251 | RFP:Image-0003:0016-0146",FALSE,FALSE,FALSE
3,"Image-0003:0017-0212",57.315,7.679,0.629,19734.859,19012.497,1.704,0.978,0.822,17,3,"Image-0003:0017-0062",111.934,2.931,0.979,6592.408,12898.479,0.857,0.792,0.948,"8","Moments+Yen","MAX","Single","GFP:Image-0003:0017-0212 | RFP:Image-0003:0017-0062",FALSE,TRUE,FALSE
3,"Image-0003:0018-0475",72.579,4.992,0.979,15265.231,3243.245,1.66,0.895,0.972,18,3,"Image-0003:0018-0500",7.799,5.128,0.907,17859.577,13724.914,1.339,0.958,0.817,"8","Moments+Yen","MAX","Single","GFP:Image-0003:0018-0475 | RFP:Image-0003:0018-0500",TRUE,FALSE,FALSE
3,"Image-0003:0019-0470",20.018,7.29,0.669,5601.703,8221.535,0.875,0.863,0.769,19,3,"Image-0003:0019-0296",17.953,2.969,0.984,13570.164,7675.025,1.169,0.828,0.938,"8","Moments+Yen","MAX","Single","GFP:Image-0003:0019-0470 | RFP:Image-0003:0019-0296",FALSE,FALSE,FALSE
3,"Image-0003:0020-0136",42.163,2.647,0.968,4451.49,21679.607,1.409,0.901,0.836,20,3,"Image-0003:0020-0360",40.407,9.57,0.957,8871.626,5112.565,1.076,0.828,0.741,"8","Moments+Yen","MAX","Single","GFP:Image-0003:0020-0136 | RFP:Image-0003:0020-0360",TRUE,TRUE,TRUE
3,"Image-0003:0021-0088",17.213,5.057,0.669,2913.872,1717.039,2.168,0.987,0.937,21,3,"Image-0003:0021-0450",15.658,4.599,0.997,10201.841,2818.866,0.858,0.822,0.852,"8","Moments+Yen","MAX","Single","GFP:Image-0003:0021-0088 | RFP:Image-0003:0021-0450",FALSE,FALSE,FALSE
3,"Image-0003:0022-0368",46.018,5.214,0.721,9662.608,11290.853,1.037,0.913,0.984,22,3,"Image-0003:0022-0344",98.199,2.318,0.716,2682.111,6732.727,1.06,0.88,0.803,"8","Moments+Yen","MAX","Single","GFP:Image-0003:0022-0368 | RFP:Image-0003:0022-0344",FALSE,FALSE,FALSE
3,"Image-0003:0023-0013",14.492,6.592,0.617,2656.275,2962.53,1.533,0.802,0.933,23,3,"Image-0003:0023-0244",70.642,5.529,0.913,27087.863,8828.238,1.617,0.872,0.956,"8","Moments+Yen","MAX","Single","GFP:Image-0003:0023-0013 | RFP:Image-0003:0023-0244",FALSE,TRUE,FALSE
3,"Image-0003:0024-0190",122.412,4.671,0.762,4588.817,16362.719,1.275,0.817,0.817,24,3,"Image-0003:0024-0383",42.59,5.012,0.764,2370.911,2917.871,1.606,0.893,0.91,"8","Moments+Yen","MAX","Single","GFP:Image-0003:0024-0190 | RFP:Image-0003:0024-0383",FALSE,FALSE,FALSE
3,"Image-0003:0025-0318",128.821,3.776,0.848,10032.064,10521.491,1.19,0.79,0.957,25,3,"Image-0003:0025-0227",21.977,8.564,0.751,5533.915,10642.153,0.975,0.95,0.928,"8","Moments+Yen","MAX","Single","GFP:Image-0003:0025-0318 | RFP:Image-0003:0025-0227",TRUE,FALSE,FALSE
3,"Image-0003:0026-0058",56.571,6.506,0.701,4513.569,7789.429,1.517,0.963,0.844,26,3,"Image-0003:0026-0350",36.942,5.125,0.983,2048.486,4291.917,0.887,0.897,0.878,"8","Moments+Yen","MAX","Single","GFP:Image-0003:0026-0058 | RFP:Image-0003:0026-0350",FALSE,TRUE,FALSE
3,"Image-0003:0027-0461",32.013,6.519,0.611,6764.979,5582.263,1.639,0.824,0.744,27,3,"Image-0003:0027-0373",34.911,13.338,0.802,4370.981,7845.562,0.804,0.863,0.842,"8","Moments+Yen","MAX","Single","GFP:Image-0003:0027-0461 | RFP:Image-0003:0027-0373",FALSE,TRUE,FALSE
3,"Image-0003:0028-0176",49.274,3.647,0.716,16634.34,1664.021,1.053,0.702,0.869,28,3,"Image-0003:0028-0023",51.047,7.273,0.62,28333.199,6027.214,1.26,0.907,0.945,"8","Moments+Yen","MAX","Single","GFP:Image-0003:0028-0176 | RFP:Image-0003:0028-0023",FALSE,FALSE,FALSE
4,"Image-0004:0001-0357",41.166,8.288,0.722,9751.106,4564.859,1.487,0.929,0.907,1,4,"Image-0004:0001-0482",24.077,6.784,0.753,10045.084,10800.973,1.914,0.868,0.933,"9","Moments","AVG","Single","GFP:Image-0004:0001-0357 | RFP:Image-0004:0001-0482",FALSE,FALSE,FALSE
4,"Image-0004:0002-0337",83.137,4.328,0.789,4143.657,1842.909,1.98,0.947,0.86,2,4,"Image-0004:0002-0445",44.227,9.723,0.99,3632.338,3701.967,1.015,0.977,0.729,"9","Moments","AVG","Single","GFP:Image-0004:0002-0337 | RFP:Image-0004:0002-0445",FALSE,TRUE,FALSE
4,"Image-0004:0003-0200",17.593,6.472,0.762,7595.158,3081.3,0.964,0.865,0.928,3,4,"Image-0004:0003-0349",45.685,5.959,0.898,8206.812,7404.895,0.965,0.785,0.806,"9","Moments","AVG","Single","GFP:Image-0004:0003-0200 | RFP:Image-0004:0003-0349",FALSE,TRUE,FALSE
4,"Image-0004:0004-0042",32.462,3.497,0.919,3861.393,8562.863,0.937,0.743,0.895,4,4,"Image-0004:0004-0444",28.006,7.157,0.963,21453.204,7911.484,1.706,0.901,0.922,"9","Moments","AVG","Single","GFP:Image-0004:0004-0042 | RFP:Image-0004:0004-0444",TRUE,TRUE,TRUE
4,"Image-0004:0005-0391",58.399,5.753,0.665,945.149,6082.501,0.885,0.928,0.849,5,4,"Image-0004:0005-0434",32.262,10.132,0.919,1704.116,5586.076,1.928,0.757,0.871,"9","Moments","AVG","Single","GFP:Image-0004:0005-0391 | RFP:Image-0004:0005-0434",FALSE,TRUE,FALSE
4,"Image-0004:0006-0188",38.227,9.459,0.834,6840.878,2223.333,1.065,0.726,0.834,6,4,"Image-0004:0006-0139",138.229,9.663,0.686,2265.508,6347.378,0.845,0.73,0.863,"9","Moments","AVG","Single","GFP:Image-0004:0006-0188 | RFP:Image-0004:0006-0139",TRUE,FALSE,FALSE
4,"Image-0004:0007-0449",84.43,8.016,0.63,3435.658,9124.518,1.491,0.91,0.796,7,4,"Image-0004:0007-0104",83.832,8.419,0.857,15481.25,2940.657,1.473,0.765,0.955,"9","Moments","AVG","Single","GFP:Image-0004:0007-0449 | RFP:Image-0004:0007-0104",FALSE,TRUE,FALSE
4,"Image-0004:0008-0098",74.288,4.449,0.876,3289.459,10409.413,1.512,0.949,0.9,8,4,"Image-0004:0008-0079",84.172,6.887,0.635,20398.186,7783.12,1.434,0.758,0.783,"9","Moments","AVG","Single","GFP:Image-0004:0008-0098 | RFP:Image-0004:0008-0079",TRUE,FALSE,FALSE
4,"Image-0004:0009-0350",23.202,8.517,0.85,4927.85,5463.019,1.395,0.848,0.702,9,4,"Image-0004:0009-0187",34.29,7.045,0.738,15487.514,2995.278,1.335,0.718,0.925,"9","Moments","AVG","Single","GFP:Image-0004:0009-0350 | RFP:Image-0004:0009-0187",TRUE,FALSE,FALSE
4,"Image-0004:0010-0039",45.84,14.384,0.676,12579.02,5934.449,1.534,0.864,0.821,10,4,"Image-0004:0010-0456",20.008,9.787,0.991,11391.777,12035.858,1.296,0.991,0.755,"9","Moments","AVG","Single","GFP:Image-0004:0010-0039 | RFP:Image-0004:0010-0456",FALSE,TRUE,FALSE
4,"Image-0004:0011-0450",18.981,5.714,0.634,6044.01,16097.162,1.061,0.901,0.954,11,4,"Image-0004:0011-0079",46.65,9.402,0.627,7002.912,2602.293,1.032,0.776,0.948,"9","Moments","AVG","Single","GFP:Image-0004:0011-0450 | RFP:Image-0004:0011-0079",FALSE,FALSE,FALSE
4,"Image-0004:0012-0440",25.794,9.809,0.799,8859.547,7913.988,1.16,0.711,0.813,12,4,"Image-0004:0012-0165",34.454,5.903,0.925,5467.963,12210.235,1.053,0.928,0.88,"9","Moments","AVG","Single","GFP:Image-0004:0012-0440 | RFP:Image-0004:0012-0165",FALSE,TRUE,FALSE
4,"Image-0004:0013-0404",60.612,7.852,0.798,7633.83,14099.753,1.499,0.734,0.953,13,4,"Image-0004:0013-0342",284.518,6.999,0.818,12883.761,14913.448,0.813,0.818,0.71,"9","Moments","AVG","Single","GFP:Image-0004:0013-0404 | RFP:Image-0004:0013-0342",FALSE,TRUE,FALSE
4,"Image-0004:0014-0143",32.203,5.504,0.893,5277.031,5816.453,1.122,0.906,0.82,14,4,"Image-0004:0014-0313",10.39,11.906,0.698,1977.844,13825.33,3.119,0.776,0.851,"9","Moments","AVG","Single","GFP:Image-0004:0014-0143 | RFP:Image-0004:0014-0313",TRUE,FALSE,FALSE
4,"Image-0004:0015-0151",42.277,10.248,0.808,7861.908,16909.68,0.915,0.724,0.92,15,4,"Image-0004:0015-0060",29.321,10.898,0.66,17639.791,39016.45,1.805,0.939,0.871,"9","Moments","AVG","Single","GFP:Image-0004:0015-0151 | RFP:Image-0004:0015-0060",TRUE,FALSE,FALSE
4,"Image-0004:0016-0275",54.651,2.321,0.601,4461.224,5693.164,0.808,0.795,0.922,16,4,"Image-0004:0016-0244",80.659,4.092,0.775,4864.991,1572.292,1.324,0.772,0.914,"9","Moments","AVG","Single","GFP:Image-0004:0016-0275 | RFP:Image-0004:0016-0244",FALSE,FALSE,FALSE
4,"Image-0004:0017-0320",17.285,5.781,0.894,2049.767,11412.037,2.744,0.929,0.798,17,4,"Image-0004:0017-0479",9.402,10.797,0.896,14963.73,3504.246,1.692,0.745,0.827,"9","Moments","AVG","Single","GFP:Image-0004:0017-0320 | RFP:Image-0004:0017-0479",FALSE,FALSE,FALSE
4,"Image-0004:0018-0073",23.335,10.087,0.884,6268.828,4715.711,0.734,0.805,0.938,18,4,"Image-0004:0018-0223",28.338,5.845,0.976,4356.758,1647.172,1.044,0.754,0.916,"9","Moments","AVG","Single","GFP:Image-0004:0018-0073 | RFP:Image-0004:0018-0223",TRUE,TRUE,TRUE
4,"Image-0004:0019-0189",52.868,8.097,0.753,997.778,2824.532,1.232,0.86,0.943,19,4,"Image-0004:0019-0327",40.465,3.224,0.912,20393.312,6145.864,1.447,0.981,0.777,"9","Moments","AVG","Single","GFP:Image-0004:0019-0189 | RFP:Image-0004:0019-0327",FALSE,TRUE,FALSE
4,"Image-0004:0020-0443",30.915,8.089,0.597,2464.277,12101.967,2.182,0.968,0.997,20,4,"Image-0004:0020-0049",29.027,10.145,0.935,5309.001,2489.331,1.155,0.868,0.976,"9","Moments","AVG","Single","GFP:Image-0004:0020-0443 | RFP:Image-0004:0020-0049",FALSE,TRUE,FALSE
4,"Image-0004:0021-0018",23.064,11.432,0.575,4714.137,29947.551,1.57,0.834,0.96,21,4,"Image-0004:0021-0391",18.934,6.258,0.85,4039.088,7412.578,1.37,0.919,0.786,"9","Moments","AVG","Single","GFP:Image-0004:0021-0018 | RFP:Image-0004:0021-0391",FALSE,FALSE,FALSE
4,"Image-0004:0022-0066",31.72,6.309,0.683,4391.685,4778.516,1.155,0.798,0.749,22,4,"Image-0004:0022-0320",30.774,8.907,0.652,8789.693,5890.249,1.3,0.82,0.982,"9","Moments","AVG","Single","GFP:Image-0004:0022-0066 | RFP:Image-0004:0022-0320",FALSE,FALSE,FALSE
4,"Image-0004:0023-0206",10.202,7.402,0.843,3661.935,16784.301,1.433,0.714,0.877,23,4,"Image-0004:0023-0413",73.93,13.14,0.66,3664.14,1321.698,1.029,0.768,0.986,"9","Moments","AVG","Single","GFP:Image-0004:0023-0206 | RFP:Image-0004:0023-0413",FALSE,FALSE,FALSE
4,"Image-0004:0024-0392",17.311,8.168,0.942,9818.403,5085.577,2.086,0.817,0.772,24,4,"Image-0004:0024-0156",14.746,9.318,0.848,6122.013,8228.994,1.559,0.752,0.743,"9","Moments","AVG","Single","GFP:Image-0004:0024-0392 | RFP:Image-0004:0024-0156",FALSE,FALSE,FALSE
4,"Image-0004:0025-0475",36.26,4.343,0.738,2324.523,11458.02,1.293,0.785,0.845,25,4,"Image-0004:0025-0332",77.393,5.252,0.69,16525.008,14969.408,1.593,0.997,0.9,"9","Moments","AVG","Single","GFP:Image-0004:0025-0475 | RFP:Image-0004:0025-0332",FALSE,FALSE,FALSE
4,"Image-0004:0026-0383",11.574,8.035,0.829,788.75,3003.597,1.03,0.781,0.922,26,4,"Image-0004:0026-0128",57.307,5.732,0.94,1686.912,3864.024,1.006,0.966,0.983,"9","Moments","AVG","Single","GFP:Image-0004:0026-0383 | RFP:Image-0004:0026-0128",FALSE,TRUE,FALSE
4,"Image-0004:0027-0172",32.941,8.846,0.923,8487.216,7280.482,1.888,0.873,0.708,27,4,"Image-0004:0027-0085",15.768,4.076,0.725,2996.48,2111.441,1.052,0.724,0.833,"9","Moments","AVG","Single","GFP:Image-0004:0027-0172 | RFP:Image-0004:0027-0085",TRUE,FALSE,FALSE
4,"Image-0004:0028-0322",36.827,4.799,0.742,5072.421,3517.259,2.14,0.889,0.985,28,4,"Image-0004:0028-0068",13.458,4.355,0.915,6117.994,13870,1.407,0.852,0.838,"9","Moments","AVG","Single","GFP:Image-0004:0028-0322 | RFP:Image-0004:0028-0068",FALSE,FALSE,FALSE
4,"Image-0004:0029-0490",14.355,3.692,0.833,4555.35,2329.763,0.909,0.794,0.981,29,4,"Image-0004:0029-0062",33.809,7.358,0.823,20306.307,7028.83,0.864,0.967,0.948,"9","Moments","AVG","Single","GFP:Image-0004:0029-0490 | RFP:Image-0004:0029-0062",FALSE,TRUE,FALSE
5,"Image-0005:0001-0044",86.059,4.955,0.895,5840.057,9327.165,1.296,0.92,0.812,1,5,"Image-0005:0001-0426",21.225,5.32,0.968,2476.549,7099.235,1.233,0.929,0.883,"13","Moments","MAX","Double","GFP:Image-0005:0001-0044 | RFP:Image-0005:0001-0426",TRUE,TRUE,TRUE
5,"Image-0005:0002-0075",60.427,5.686,0.661,12317.643,6552.586,1.639,0.838,0.936,2,5,"Image-0005:0002-0345",16.885,8.511,0.777,3931.943,9020.482,1.106,0.714,0.996,"13","Moments","MAX","Double","GFP:Image-0005:0002-0075 | RFP:Image-0005:0002-0345",FALSE,FALSE,FALSE
5,"Image-0005:0003-0282",21.3,5.179,0.596,6192.406,3622.595,1.636,0.835,0.766,3,5,"Image-0005:0003-0055",15.356,9.683,0.708,3503.404,33674.292,1.006,0.889,0.797,"13","Moments","MAX","Double","GFP:Image-0005:0003-0282 | RFP:Image-0005:0003-0055",FALSE,FALSE,FALSE
5,"Image-0005:0004-0222",35.778,6.816,0.59,3616.284,9173.115,1.296,0.944,0.846,4,5,"Image-0005:0004-0378",35.408,6.683,0.689,5155.709,4821.545,1.719,0.818,0.845,"13","Moments","MAX","Double","GFP:Image-0005:0004-0222 | RFP:Image-0005:0004-0378",FALSE,FALSE,FALSE
5,"Image-0005:0005-0175",80.247,3.493,0.888,6679.207,8437.547,1.548,0.973,0.904,5,5,"Image-0005:0005-0451",19.731,5.565,0.917,6662.832,3524.338,1.281,0.745,1,"13","Moments","MAX","Double","GFP:Image-0005:0005-0175 | RFP:Image-0005:0005-0451",TRUE,FALSE,FALSE
5,"Image-0005:0006-0156",48.939,9.014,0.778,3639.623,4209.648,1.722,0.973,0.839,6,5,"Image-0005:0006-0330",43.373,7.79,0.702,3454.741,14255.194,0.863,0.936,0.991,"13","Moments","MAX","Double","GFP:Image-0005:0006-0156 | RFP:Image-0005:0006-0330",FALSE,FALSE,FALSE
5,"Image-0005:0007-0086",21.874,4.186,0.719,4080.017,4696.575,1.081,0.975,0.982,7,5,"Image-0005:0007-0164",40.143,7.146,0.623,7626.235,2440.673,1.581,0.726,0.701,"13","Moments","MAX","Double","GFP:Image-0005:0007-0086 | RFP:Image-0005:0007-0164",FALSE,FALSE,FALSE
5,"Image-0005:0008-0476",27.621,5.592,0.921,17841.489,26611.554,0.891,0.98,0.802,8,5,"Image-0005:0008-0435",81.834,10.022,0.752,11815.652,18596.689,1.543,0.94,0.853,"13","Moments","MAX","Double","GFP:Image-0005:0008-0476 | RFP:Image-0005:0008-0435",TRUE,FALSE,FALSE
5,"Image-0005:0009-0185",18.054,7.289,0.917,11064.578,6564.417,0.93,0.862,0.7,9,5,"Image-0005:0009-0129",31.859,14.016,0.963,6325.031,3996.802,1.157,0.723,0.98,"13","Moments","MAX","Double","GFP:Image-0005:0009-0185 | RFP:Image-0005:0009-0129",FALSE,TRUE,FALSE
5,"Image-0005:0010-0244",56.201,8.373,0.787,5639.828,4254.801,1.175,0.893,0.765,10,5,"Image-0005:0010-0029",20.745,6.567,0.676,9272.918,6057.734,0.986,0.854,0.913,"13","Moments","MAX","Double","GFP:Image-0005:0010-0244 | RFP:Image-0005:0010-0029",FALSE,FALSE,FALSE
5,"Image-0005:0011-0406",23.908,3.264,0.678,1938.697,3999.189,1.835,0.718,0.711,11,5,"Image-0005:0011-0372",110.619,10.777,0.741,6175.407,26691.857,0.914,0.841,0.998,"13","Moments","MAX","Double","GFP:Image-0005:0011-0406 | RFP:Image-0005:0011-0372",FALSE,FALSE,FALSE
5,"Image-0005:0012-0402",60.681,4.178,0.833,16731.848,9155.97,1.149,0.825,0.804,12,5,"Image-0005:0012-0269",55.823,7.668,0.785,7554.657,4093.605,1.407,0.822,0.785,"13","Moments","MAX","Double","GFP:Image-0005:0012-0402 | RFP:Image-0005:0012-0269",TRUE,FALSE,FALSE
5,"Image-0005:0013-0034",75.725,5.552,0.791,9176.373,7840.997,0.981,0.855,0.729,13,5,"Image-0005:0013-0189",37.897,7.991,0.983,2502.221,5165.252,1.299,0.919,0.853,"13","Moments","MAX","Double","GFP:Image-0005:0013-0034 | RFP:Image-0005:0013-0189",FALSE,TRUE,FALSE
5,"Image-0005:0014-0238",58.329,3.568,0.594,1943.721,9085.29,1.413,0.903,0.919,14,5,"Image-0005:0014-0275",19.458,7.405,0.64,5326.75,1794.479,0.9,0.881,0.753,"13","Moments","MAX","Double","GFP:Image-0005:0014-0238 | RFP:Image-0005:0014-0275",FALSE,FALSE,FALSE
5,"Image-0005:0015-0076",26.017,6.571,0.664,9336.408,4803.063,1.092,0.809,0.921,15,5,"Image-0005:0015-0433",27.631,4.61,0.614,5618.959,2251.193,1.265,0.961,0.951,"13","Moments","MAX","Double","GFP:Image-0005:0015-0076 | RFP:Image-0005:0015-0433",FALSE,FALSE,FALSE
5,"Image-0005:0016-0471",17.301,5.515,0.592,8248.071,3990.428,2.138,0.819,0.895,16,5,"Image-0005:0016-0395",95.287,6.606,0.859,1403.14,2915.04,1.419,0.717,0.707,"13","Moments","MAX","Double","GFP:Image-0005:0016-0471 | RFP:Image-0005:0016-0395",FALSE,TRUE,FALSE
5,"Image-0005:0017-0289",20.69,13.676,0.822,7839.277,1994.616,1.673,0.773,0.966,17,5,"Image-0005:0017-0079",21.398,4.592,0.626,14825.779,9020.422,1.278,0.961,0.806,"13","Moments","MAX","Double","GFP:Image-0005:0017-0289 | RFP:Image-0005:0017-0079",TRUE,FALSE,FALSE
5,"Image-0005:0018-0224",35.247,3.244,0.638,7352.194,9475.184,1.154,0.747,0.734,18,5,"Image-0005:0018-0298",43.144,7.99,0.728,3311.137,2408.105,1.87,0.806,0.78,"13","Moments","MAX","Double","GFP:Image-0005:0018-0224 | RFP:Image-0005:0018-0298",FALSE,FALSE,FALSE
5,"Image-0005:0019-0372",26.917,5.446,0.895,7459.365,24219.211,0.701,0.859,0.781,19,5,"Image-0005:0019-0194",42.915,3.903,0.705,1007.658,6366.678,2.153,0.873,0.962,"13","Moments","MAX","Double","GFP:Image-0005:0019-0372 | RFP:Image-0005:0019-0194",TRUE,FALSE,FALSE
5,"Image-0005:0020-0400",65.018,3.648,0.858,6943.675,1708.958,1.961,0.94,0.965,20,5,"Image-0005:0020-0332",43.199,10.496,0.915,4997.656,6902.974,1.552,0.99,0.93,"13","Moments","MAX","Double","GFP:Image-0005:0020-0400 | RFP:Image-0005:0020-0332",TRUE,TRUE,TRUE
5,"Image-0005:0021-0154",33.412,4.274,0.857,9763.546,9383.702,0.891,0.833,0.991,21,5,"Image-0005:0021-0054",38.934,9.757,0.656,7976.467,5064.467,0.7,0.832,0.956,"13","Moments","MAX","Double","GFP:Image-0005:0021-0154 | RFP:Image-0005:0021-0054",TRUE,FALSE,FALSE
5,"Image-0005:0022-0268",9.079,10.978,0.639,3233.958,2289.199,1.137,0.927,0.971,22,5,"Image-0005:0022-0293",27.623,9.972,0.866,3662.476,10351.155,1.728,0.712,0.741,"13","Moments","MAX","Double","GFP:Image-0005:0022-0268 | RFP:Image-0005:0022-0293",FALSE,TRUE,FALSE
5,"Image-0005:0023-0251",56.215,3.399,0.623,5680.286,4606.845,1.414,0.891,0.909,23,5,"Image-0005:0023-0098",45.362,7.287,0.963,4189.028,7779.273,0.962,0.907,0.745,"13","Moments","MAX","Double","GFP:Image-0005:0023-0251 | RFP:Image-0005:0023-0098",FALSE,TRUE,FALSE
5,"Image-0005:0024-0051",103.015,10.178,0.838,5494.155,5461.26,1.628,0.969,0.979,24,5,"Image-0005:0024-0394",23.409,4.699,0.722,8174.011,5838.82,0.746,0.985,0.737,"13","Moments","MAX","Double","GFP:Image-0005:0024-0051 | RFP:Image-0005:0024-0394",TRUE,FALSE,FALSE
5,"Image-0005:0025-0183",24.471,5.19,0.905,5296.384,7203.523,1.243,0.815,0.924,25,5,"Image-0005:0025-0216",47.501,5.244,0.889,3827.616,6656.372,1.354,0.877,0.728,"13","Moments","MAX","Double","GFP:Image-0005:0025-0183 | RFP:Image-0005:0025-0216",TRUE,TRUE,TRUE
5,"Image-0005:0026-0055",41.262,7.887,0.724,2618.691,4589.199,1.343,0.986,0.733,26,5,"Image-0005:0026-0126",30.02,5.15,0.746,2371.341,2496.48,1.299,0.91,0.799,"13","Moments","MAX","Double","GFP:Image-0005:0026-0055 | RFP:Image-0005:0026-0126",FALSE,FALSE,FALSE
5,"Image-0005:0027-0375",28.478,3.882,0.688,5918.637,9648.493,1.117,0.913,0.862,27,5,"Image-0005:0027-0278",53.028,3.716,0.773,3968.248,19169.582,1.215,0.839,0.903,"13","Moments","MAX","Double","GFP:Image-0005:0027-0375 | RFP:Image-0005:0027-0278",FALSE,FALSE,FALSE
5,"Image-0005:0028-0386",16.666,8.636,0.814,4250.384,4457.027,0.691,0.979,0.802,28,5,"Image-0005:0028-0328",18.463,3.462,0.892,9673.805,7411.669,1.024,0.808,0.869,"13","Moments","MAX","Double","GFP:Image-0005:0028-0386 | RFP:Image-0005:0028-0328",FALSE,FALSE,FALSE
6,"Image-0006:0001-0305",56.54,5.101,0.681,6357.177,5168.293,1.494,0.806,0.76,1,6,"Image-0006:0001-0265",37.841,9.381,0.967,3359.458,14936.908,0.815,0.706,0.941,"16","Yen","MAX","Double","GFP:Image-0006:0001-0305 | RFP:Image-0006:0001-0265",FALSE,TRUE,FALSE
6,"Image-0006:0002-0386",26.415,8.243,0.908,4345.79,26899.004,1.13,0.818,0.892,2,6,"Image-0006:0002-0475",19.408,10.446,0.832,13734.8,4908.105,1.107,0.772,0.835,"16","Yen","MAX","Double","GFP:Image-0006:0002-0386 | RFP:Image-0006:0002-0475",TRUE,FALSE,FALSE
6,"Image-0006:0003-0385",47.598,6.226,0.744,2947.614,9019.126,1.75,0.74,0.995,3,6,"Image-0006:0003-0026",45.351,7.783,0.672,2249.013,17431.331,1.654,0.883,0.71,"16","Yen","MAX","Double","GFP:Image-0006:0003-0385 | RFP:Image-0006:0003-0026",FALSE,FALSE,FALSE
6,"Image-0006:0004-0425",35.741,6.614,0.749,4922.647,2891.65,1.367,0.938,0.944,4,6,"Image-0006:0004-0122",26.427,4.86,0.884,3709.64,4694.54,1.601,0.817,0.886,"16","Yen","MAX","Double","GFP:Image-0006:0004-0425 | RFP:Image-0006:0004-0122",FALSE,TRUE,FALSE
6,"Image-0006:0005-0091",30.855,4.253,0.636,7070.724,3467.694,1.013,0.862,0.959,5,6,"Image-0006:0005-0069",16.176,7.491,0.636,7850.954,6809.06,0.959,0.714,0.932,"16","Yen","MAX","Double","GFP:Image-0006:0005-0091 | RFP:Image-0006:0005-0069",FALSE,FALSE,FALSE
6,"Image-0006:0006-0071",18.065,6.375,0.794,4280.421,13125.514,1.225,0.935,0.748,6,6,"Image-0006:0006-0429",47.711,9.164,0.714,1532.787,4869.184,1.245,0.982,0.706,"16","Yen","MAX","Double","GFP:Image-0006:0006-0071 | RFP:Image-0006:0006-0429",FALSE,FALSE,FALSE
6,"Image-0006:0007-0159",6.796,6.76,0.649,2983.386,10982.945,1.215,0.948,0.849,7,6,"Image-0006:0007-0346",25.735,7.879,0.926,2555.579,8967.004,0.617,0.981,0.836,"16","Yen","MAX","Double","GFP:Image-0006:0007-0159 | RFP:Image-0006:0007-0346",FALSE,TRUE,FALSE
6,"Image-0006:0008-0197",10.075,8.601,0.885,6885.166,6203.833,0.733,0.903,0.91,8,6,"Image-0006:0008-0394",58.022,5.646,0.831,4620.994,9463.377,1.125,0.861,0.977,"16","Yen","MAX","Double","GFP:Image-0006:0008-0197 | RFP:Image-0006:0008-0394",FALSE,TRUE,FALSE
6,"Image-0006:0009-0086",13.16,4.93,0.792,2200.181,1485.15,1.208,0.832,0.939,9,6,"Image-0006:0009-0265",14.182,10.084,0.778,5462.829,6282.405,1.23,0.835,0.891,"16","Yen","MAX","Double","GFP:Image-0006:0009-0086 | RFP:Image-0006:0009-0265",FALSE,FALSE,FALSE
6,"Image-0006:0010-0381",21.091,6.407,0.652,4466.066,5526.324,1.198,0.976,0.732,10,6,"Image-0006:0010-0147",16.889,5.54,0.893,1659.831,3400.474,2.105,0.797,0.743,"16","Yen","MAX","Double","GFP:Image-0006:0010-0381 | RFP:Image-0006:0010-0147",FALSE,FALSE,FALSE
6,"Image-0006:0011-0126",65.413,6.901,0.556,4253.358,5706.744,1.458,0.937,0.868,11,6,"Image-0006:0011-0289",24.461,8.026,0.793,13159.007,14666.214,1.469,0.861,0.762,"16","Yen","MAX","Double","GFP:Image-0006:0011-0126 | RFP:Image-0006:0011-0289",FALSE,FALSE,FALSE
6,"Image-0006:0012-0181",22.963,3.992,0.675,18511.181,2940.605,1.128,0.711,0.911,12,6,"Image-0006:0012-0456",50.947,4.991,0.783,4128.207,3046.031,1.188,0.798,0.797,"16","Yen","MAX","Double","GFP:Image-0006:0012-0181 | RFP:Image-0006:0012-0456",FALSE,FALSE,FALSE
6,"Image-0006:0013-0283",10.654,3.53,0.756,1058.863,7805.599,0.89,0.995,0.801,13,6,"Image-0006:0013-0266",30.972,5.43,0.725,1660.887,6796.078,1.661,0.842,0.898,"16","Yen","MAX","Double","GFP:Image-0006:0013-0283 | RFP:Image-0006:0013-0266",FALSE,FALSE,FALSE
6,"Image-0006:0014-0422",18.859,8.103,0.681,5946.68,8770.032,1.192,0.741,0.749,14,6,"Image-0006:0014-0203",42.46,5.482,0.78,1795.641,1758.977,1.335,0.859,0.973,"16","Yen","MAX","Double","GFP:Image-0006:0014-0422 | RFP:Image-0006:0014-0203",FALSE,FALSE,FALSE
6,"Image-0006:0015-0323",41.149,8.569,0.803,5867.87,4241.102,0.94,0.74,0.806,15,6,"Image-0006:0015-0351",20.453,14.384,0.698,8478.105,10740.138,1.56,0.954,0.946,"16","Yen","MAX","Double","GFP:Image-0006:0015-0323 | RFP:Image-0006:0015-0351",TRUE,FALSE,FALSE
6,"Image-0006:0016-0290",39.596,6.897,0.761,5082.591,5870.307,0.91,0.848,0.806,16,6,"Image-0006:0016-0468",10.764,12.648,0.728,14508.91,3798.337,1.047,0.866,0.898,"16","Yen","MAX","Double","GFP:Image-0006:0016-0290 | RFP:Image-0006:0016-0468",FALSE,FALSE,FALSE
6,"Image-0006:0017-0123",18.8,8.692,0.754,12889.39,8545.438,1.298,0.925,0.831,17,6,"Image-0006:0017-0396",40.918,5.445,0.961,2512.435,6621.199,1.584,0.912,0.805,"16","Yen","MAX","Double","GFP:Image-0006:0017-0123 | RFP:Image-0006:0017-0396",FALSE,TRUE,FALSE
6,"Image-0006:0018-0420",23.616,8.843,0.555,3486.75,9000.831,0.878,0.868,0.745,18,6,"Image-0006:0018-0314",27.902,5.609,0.887,4816.48,13493.957,1.493,0.973,0.904,"16","Yen","MAX","Double","GFP:Image-0006:0018-0420 | RFP:Image-0006:0018-0314",FALSE,TRUE,FALSE
6,"Image-0006:0019-0495",35.406,9.882,0.844,4829.401,2832.972,1.263,0.987,0.752,19,6,"Image-0006:0019-0499",101.467,9.817,0.702,10035.534,22161.122,1.616,0.832,0.795,"16","Yen","MAX","Double","GFP:Image-0006:0019-0495 | RFP:Image-0006:0019-0499",TRUE,FALSE,FALSE
6,"Image-0006:0020-0208",23.554,6.262,0.676,9171.362,8503.94,1.31,0.789,0.927,20,6,"Image-0006:0020-0125",28.831,6.452,0.84,3530.618,4740.248,1.178,0.801,0.768,"16","Yen","MAX","Double","GFP:Image-0006:0020-0208 | RFP:Image-0006:0020-0125",FALSE,TRUE,FALSE
6,"Image-0006:0021-0266",34.45,8.33,0.841,3936.9,5747.876,2.058,0.734,0.847,21,6,"Image-0006:0021-0153",60.965,4.029,0.642,3786.651,9644.375,1.669,0.976,0.853,"16","Yen","MAX","Double","GFP:Image-0006:0021-0266 | RFP:Image-0006:0021-0153",TRUE,FALSE,FALSE
6,"Image-0006:0022-0432",56.406,4.43,0.832,4901.535,3523.985,1.242,0.965,0.833,22,6,"Image-0006:0022-0449",22.585,10.28,0.998,2043.556,13707.483,0.862,0.951,0.716,"16","Yen","MAX","Double","GFP:Image-0006:0022-0432 | RFP:Image-0006:0022-0449",TRUE,TRUE,TRUE
6,"Image-0006:0023-0187",39.855,4.366,0.834,4506.611,23092.529,1.613,0.96,0.997,23,6,"Image-0006:0023-0381",28.543,6.008,0.686,4376.935,2440.315,0.891,0.953,0.777,"16","Yen","MAX","Double","GFP:Image-0006:0023-0187 | RFP:Image-0006:0023-0381",TRUE,FALSE,FALSE
6,"Image-0006:0024-0096",43.359,12.549,0.781,7608.887,9218.595,1.732,0.706,0.907,24,6,"Image-0006:0024-0435",74.86,5.077,0.779,14880.864,10850.49,1.068,0.779,0.764,"16","Yen","MAX","Double","GFP:Image-0006:0024-0096 | RFP:Image-0006:0024-0435",FALSE,FALSE,FALSE
6,"Image-0006:0025-0110",50.446,6.184,0.9,5315.734,13594.898,1.46,0.7,0.716,25,6,"Image-0006:0025-0401",22.883,5.373,0.943,16247.731,1793.845,1.768,0.868,0.796,"16","Yen","MAX","Double","GFP:Image-0006:0025-0110 | RFP:Image-0006:0025-0401",TRUE,TRUE,TRUE
6,"Image-0006:0026-0286",18.362,3.881,0.787,2911.137,4378.915,1.151,0.747,0.919,26,6,"Image-0006:0026-0425",38.786,7.03,0.818,2229.947,6068.488,1.618,0.876,0.908,"16","Yen","MAX","Double","GFP:Image-0006:0026-0286 | RFP:Image-0006:0026-0425",FALSE,TRUE,FALSE
6,"Image-0006:0027-0494",25.215,5.715,0.664,2641.387,1968.483,1.127,0.911,0.868,27,6,"Image-0006:0027-0130",48.347,5.506,0.61,6904.597,3937.094,1.641,0.743,0.993,"16","Yen","MAX","Double","GFP:Image-0006:0027-0494 | RFP:Image-0006:0027-0130",FALSE,FALSE,FALSE
6,"Image-0006:0028-0119",39.869,4.89,0.573,4626.224,4063.055,1.342,0.984,0.849,28,6,"Image-0006:0028-0276",52.031,10.066,0.662,12904.941,8549.461,1.055,0.809,0.929,"16","Yen","MAX","Double","GFP:Image-0006:0028-0119 | RFP:Image-0006:0028-0276",FALSE,FALSE,FALSE
6,"Image-0006:0029-0152",11.907,2.844,0.773,1391.321,12298.487,1.407,0.893,0.952,29,6,"Image-0006:0029-0480",14.538,8.194,0.807,6640.318,2552.733,1.732,0.969,0.812,"16","Yen","MAX","Double","GFP:Image-0006:0029-0152 | RFP:Image-0006:0029-0480",FALSE,FALSE,FALSE
6,"Image-0006:0030-0328",17.273,5.847,0.768,5835.787,9501.91,1.295,0.944,0.839,30,6,"Image-0006:0030-0394",23.005,8.029,0.925,2289.07,12524.993,1.22,0.953,0.855,"16","Yen","MAX","Double","GFP:Image-0006:0030-0328 | RFP:Image-0006:0030-0394",FALSE,TRUE,FALSE
6,"Image-0006:0031-0104",30,7.877,0.71,2118.938,24878.376,0.769,0.761,0.76,31,6,"Image-0006:0031-0062",26.678,2.439,0.771,7741.378,42170.146,0.967,0.931,0.732,"16","Yen","MAX","Double","GFP:Image-0006:0031-0104 | RFP:Image-0006:0031-0062",FALSE,FALSE,FALSE
6,"Image-0006:0032-0299",18.182,8.735,0.72,6226.054,2674.754,1.591,0.719,0.897,32,6,"Image-0006:0032-0071",84.344,8.849,0.752,1802.574,4646.808,0.955,0.976,0.804,"16","Yen","MAX","Double","GFP:Image-0006:0032-0299 | RFP:Image-0006:0032-0071",FALSE,FALSE,FALSE
6,"Image-0006:0033-0497",71.971,6.235,0.829,22681.475,4816.9,1.034,0.724,0.996,33,6,"Image-0006:0033-0441",47.272,4.475,0.613,5646.412,14723.899,1.261,0.807,0.704,"16","Yen","MAX","Double","GFP:Image-0006:0033-0497 | RFP:Image-0006:0033-0441",TRUE,FALSE,FALSE
6,"Image-0006:0034-0380",76.889,12.746,0.739,25503.204,7046.58,1.226,0.938,0.917,34,6,"Image-0006:0034-0378",22.797,5.736,0.821,9378.824,863.365,2.177,0.981,0.894,"16","Yen","MAX","Double","GFP:Image-0006:0034-0380 | RFP:Image-0006:0034-0378",FALSE,TRUE,FALSE
6,"Image-0006:0035-0191",24.212,6.929,0.666,5648.543,8345.861,0.846,0.998,0.707,35,6,"Image-0006:0035-0184",35.275,4.611,0.88,3463.9,9520.948,1.478,0.878,0.775,"16","Yen","MAX","Double","GFP:Image-0006:0035-0191 | RFP:Image-0006:0035-0184",FALSE,TRUE,FALSE
6,"Image-0006:0036-0304",42.559,2.284,0.852,2164.857,5207.1,1.965,0.893,0.848,36,6,"Image-0006:0036-0437",38.41,5.798,0.931,2919.333,3784.732,1.147,0.926,0.78,"16","Yen","MAX","Double","GFP:Image-0006:0036-0304 | RFP:Image-0006:0036-0437",TRUE,TRUE,TRUE
6,"Image-0006:0037-0180",18.644,11.076,0.649,10439.36,15983.608,1.777,0.869,0.746,37,6,"Image-0006:0037-0030",22.759,2.353,0.776,2067.567,10371.887,1.085,0.724,0.774,"16","Yen","MAX","Double","GFP:Image-0006:0037-0180 | RFP:Image-0006:0037-0030",FALSE,FALSE,FALSE
6,"Image-0006:0038-0113",25.056,4.349,0.893,28067.422,10654.868,1.362,0.727,0.899,38,6,"Image-0006:0038-0305",39.636,3.729,0.975,5292.353,15077.588,0.927,0.792,0.909,"16","Yen","MAX","Double","GFP:Image-0006:0038-0113 | RFP:Image-0006:0038-0305",TRUE,TRUE,TRUE
7,"Image-0007:0001-0019",29.331,6.547,0.825,5802.371,5443.717,1.037,0.994,0.876,1,7,"Image-0007:0001-0470",52.364,8.092,0.997,2433.069,3880.444,1.445,0.859,0.927,"18","Moments+Yen","MAX","Double","GFP:Image-0007:0001-0019 | RFP:Image-0007:0001-0470",TRUE,TRUE,TRUE
7,"Image-0007:0002-0233",13.313,6.658,0.696,4673.29,7632.369,1.442,0.784,0.862,2,7,"Image-0007:0002-0070",18.471,5.403,0.982,3773.249,7185.509,0.834,0.853,0.798,"18","Moments+Yen","MAX","Double","GFP:Image-0007:0002-0233 | RFP:Image-0007:0002-0070",FALSE,FALSE,FALSE
7,"Image-0007:0003-0058",62.887,5.111,0.828,5446.122,8715.857,2.365,0.743,0.822,3,7,"Image-0007:0003-0401",36.936,5.79,0.766,14945.866,8129.975,0.789,0.922,0.931,"18","Moments+Yen","MAX","Double","GFP:Image-0007:0003-0058 | RFP:Image-0007:0003-0401",TRUE,FALSE,FALSE
7,"Image-0007:0004-0011",33.104,4.556,0.723,2759.859,14294.556,1.174,0.901,0.991,4,7,"Image-0007:0004-0451",23.848,5.239,0.673,3323.776,2716.862,1.075,0.755,0.969,"18","Moments+Yen","MAX","Double","GFP:Image-0007:0004-0011 | RFP:Image-0007:0004-0451",FALSE,FALSE,FALSE
7,"Image-0007:0005-0405",8.738,5.658,0.776,2788.148,4511.74,1.362,0.704,0.822,5,7,"Image-0007:0005-0107",29.289,4.335,0.833,5489.477,3255.926,0.996,0.87,0.932,"18","Moments+Yen","MAX","Double","GFP:Image-0007:0005-0405 | RFP:Image-0007:0005-0107",FALSE,TRUE,FALSE
7,"Image-0007:0006-0412",42.812,5.265,0.68,5291.351,3895.998,1.322,0.813,0.745,6,7,"Image-0007:0006-0492",36.236,5.743,0.72,16926.073,6331.079,1.705,0.997,0.721,"18","Moments+Yen","MAX","Double","GFP:Image-0007:0006-0412 | RFP:Image-0007:0006-0492",FALSE,FALSE,FALSE
7,"Image-0007:0007-0309",39.443,6.76,0.993,4978.567,44947.707,2.297,0.983,0.879,7,7,"Image-0007:0007-0296",60.914,5.784,0.808,6083.51,1537.714,1.215,0.923,0.891,"18","Moments+Yen","MAX","Double","GFP:Image-0007:0007-0309 | RFP:Image-0007:0007-0296",TRUE,TRUE,TRUE
7,"Image-0007:0008-0281",49.471,6.209,0.767,4823.729,3176.876,0.803,0.824,0.876,8,7,"Image-0007:0008-0487",34.351,9.34,0.957,5248.617,4974.151,0.754,0.937,0.99,"18","Moments+Yen","MAX","Double","GFP:Image-0007:0008-0281 | RFP:Image-0007:0008-0487",FALSE,TRUE,FALSE
7,"Image-0007:0009-0035",130.837,8.166,0.971,2717.737,7483.297,1.092,0.915,0.89,9,7,"Image-0007:0009-0470",34.919,7.668,0.949,2255.814,11529.084,0.798,0.766,0.962,"18","Moments+Yen","MAX","Double","GFP:Image-0007:0009-0035 | RFP:Image-0007:0009-0470",TRUE,TRUE,TRUE
7,"Image-0007:0010-0127",39.546,4.828,0.892,6017.538,12641.615,1.492,0.779,0.723,10,7,"Image-0007:0010-0287",54.08,6.677,0.758,6646.58,3196.368,1.113,0.935,0.84,"18","Moments+Yen","MAX","Double","GFP:Image-0007:0010-0127 | RFP:Image-0007:0010-0287",TRUE,FALSE,FALSE
7,"Image-0007:0011-0199",70.154,5.488,0.644,5159.965,965.022,0.937,0.746,0.735,11,7,"Image-0007:0011-0459",35.005,4.795,0.618,11398.684,4092.994,2.314,0.755,0.919,"18","Moments+Yen","MAX","Double","GFP:Image-0007:0011-0199 | RFP:Image-0007:0011-0459",FALSE,FALSE,FALSE
7,"Image-0007:0012-0222",29.886,10.827,0.821,12198.047,14485.116,0.924,0.957,0.919,12,7,"Image-0007:0012-0116",34.653,3.312,0.848,5369.518,14807.215,1.145,0.87,0.875,"18","Moments+Yen","MAX","Double","GFP:Image-0007:0012-0222 | RFP:Image-0007:0012-0116",TRUE,TRUE,TRUE
7,"Image-0007:0013-0201",26.077,6.914,0.665,3466.821,10809.593,3.316,0.75,0.982,13,7,"Image-0007:0013-0281",31.74,7.47,0.726,4010.603,4489.212,0.949,0.819,0.816,"18","Moments+Yen","MAX","Double","GFP:Image-0007:0013-0201 | RFP:Image-0007:0013-0281",FALSE,FALSE,FALSE
7,"Image-0007:0014-0361",48.038,3.79,0.697,9442.399,4315.849,1.299,0.89,0.722,14,7,"Image-0007:0014-0048",27.603,3.574,0.872,3003.814,3598.464,1.17,0.869,0.843,"18","Moments+Yen","MAX","Double","GFP:Image-0007:0014-0361 | RFP:Image-0007:0014-0048",FALSE,TRUE,FALSE
7,"Image-0007:0015-0226",57.468,7.692,0.896,2542.755,4363.448,0.95,0.736,0.724,15,7,"Image-0007:0015-0486",90.014,4.384,0.753,4208.494,2535.419,0.946,0.862,0.971,"18","Moments+Yen","MAX","Double","GFP:Image-0007:0015-0226 | RFP:Image-0007:0015-0486",TRUE,FALSE,FALSE
7,"Image-0007:0016-0017",20.572,6.213,0.697,5955.725,6586.607,1.377,0.751,0.713,16,7,"Image-0007:0016-0058",20.621,5.817,0.96,9880.319,9506.663,1.552,0.925,0.76,"18","Moments+Yen","MAX","Double","GFP:Image-0007:0016-0017 | RFP:Image-0007:0016-0058",FALSE,TRUE,FALSE
7,"Image-0007:0017-0114",70.346,3.886,0.692,2353.274,28961.848,1.06,0.884,0.731,17,7,"Image-0007:0017-0143",22.161,10.977,0.957,5205.055,4693.173,0.995,0.792,0.805,"18","Moments+Yen","MAX","Double","GFP:Image-0007:0017-0114 | RFP:Image-0007:0017-0143",FALSE,TRUE,FALSE
7,"Image-0007:0018-0491",19.736,4.128,0.666,9524.329,11649.449,0.835,0.88,0.913,18,7,"Image-0007:0018-0012",9.865,10.332,0.928,11805.508,7380.039,0.856,0.9,0.796,"18","Moments+Yen","MAX","Double","GFP:Image-0007:0018-0491 | RFP:Image-0007:0018-0012",FALSE,FALSE,FALSE
7,"Image-0007:0019-0024",25.519,6.611,0.682,6762.429,3615.91,1.43,0.893,0.724,19,7,"Image-0007:0019-0394",14.324,4.975,0.89,9050.042,4781.705,1.084,0.811,0.884,"18","Moments+Yen","MAX","Double","GFP:Image-0007:0019-0024 | RFP:Image-0007:0019-0394",FALSE,FALSE,FALSE
7,"Image-0007:0020-0155",37.411,6.917,0.905,3985.432,4052.442,2.096,0.788,0.768,20,7,"Image-0007:0020-0239",22.08,11.292,0.793,3529.451,6144.043,1.033,0.935,0.981,"18","Moments+Yen","MAX","Double","GFP:Image-0007:0020-0155 | RFP:Image-0007:0020-0239",TRUE,FALSE,FALSE
