batch,sample_type,analyte,sample_id,conc_ng_mL_true,is_area,tic_factor,analyte_area,is_nominal_ng_mL,response_raw,response_tic_norm,slope,intercept,r_squared,conc_ng_mL_calc,lloq_ng_mL,uloq_ng_mL,in_range
B1,CAL,A,CAL_1_A_1,0,760570.457432426,0.9633476067126068,2244.4999430677567,100,0.0029510743168290527,0.003063353556147298,0.012388653579510607,0.005735246304001997,0.9908360131116158,0,0.5,500,FALSE
B1,CAL,B,CAL_1_B_1,0,840690.5388133189,1.064828656750315,2295.5614634328235,100,0.0027305665491051383,0.0025643248158237837,0.011133049771553587,0.005272758829276913,0.9980204114570064,0,0.5,500,FALSE
B1,CAL,C,CAL_1_C_1,0,952957.3091132924,1.2070270861330945,2492.1407734215627,100,0.0026151651806317006,0.0021666168147144098,0.019436793411749177,0.005046960945808843,0.997506217799198,0,0.5,500,FALSE
B1,CAL,A,CAL_1_A_2,0.5,777396.8836795,0.984660158753303,8681.075678071204,100,0.011166851656238668,0.011340818004028141,0.012388653579510607,0.005735246304001997,0.9908360131116158,0.4524762649992174,0.5,500,FALSE
B1,CAL,B,CAL_1_B_2,0.5,679710.8825011327,0.8609299053298509,6841.874485189322,100,0.010065859855021404,0.01169184598270499,0.011133049771553587,0.005272758829276913,0.9980204114570064,0.5765793996385152,0.5,500,TRUE
B1,CAL,C,CAL_1_C_2,0.5,732380.46183496,0.9276418222889846,8607.695160419213,100,0.011753037675053288,0.012669801417590583,0.019436793411749177,0.005046960945808843,0.997506217799198,0.3921861137431175,0.5,500,FALSE
B1,CAL,A,CAL_1_A_3,1.6,809897.7758960853,1.0258261762167853,18944.361360225314,100,0.023391052456299112,0.022802159857691073,0.012388653579510607,0.005735246304001997,0.9908360131116158,1.3776245694621543,0.5,500,TRUE
B1,CAL,B,CAL_1_B_3,1.6,764475.7434293552,0.96829408850388,15813.347534718374,100,0.02068521816504133,0.021362536868320913,0.011133049771553587,0.005272758829276913,0.9980204114570064,1.4452264535954475,0.5,500,TRUE
B1,CAL,C,CAL_1_C_3,1.6,775471.1521409622,0.9822210042335704,29194.796181962574,100,0.03764781720294819,0.03832927318870042,0.019436793411749177,0.005046960945808843,0.997506217799198,1.712335545161119,0.5,500,TRUE
B1,CAL,A,CAL_1_A_4,5,776086.6430180088,0.983000592314546,50971.695479549184,100,0.06567784143447293,0.06681363363152173,0.012388653579510607,0.005735246304001997,0.9908360131116158,4.930187686298396,0.5,500,TRUE
B1,CAL,B,CAL_1_B_4,5,681163.5027194562,0.8627698114123307,34130.7158210637,100,0.05010649526112494,0.05807631954472535,0.011133049771553587,0.005272758829276913,0.9980204114570064,4.742955596081902,0.5,500,TRUE
B1,CAL,C,CAL_1_C_4,5,775787.1753197942,0.9826212829585966,82347.05650873596,100,0.10614645244011792,0.10802376691915237,0.019436793411749177,0.005046960945808843,0.997506217799198,5.298034701088914,0.5,500,TRUE
B1,CAL,A,CAL_1_A_5,16,856634.3086903173,1.0850232257121883,204409.01057669515,100,0.23861875307003522,0.21992041037961235,0.012388653579510607,0.005735246304001997,0.9908360131116158,17.288816956658447,0.5,500,TRUE
B1,CAL,B,CAL_1_B_5,16,844584.5606064716,1.0697608711668254,143868.22089285328,100,0.17034199724127763,0.15923371459219637,0.011133049771553587,0.005272758829276913,0.9980204114570064,13.829180585926242,0.5,500,TRUE
B1,CAL,C,CAL_1_C_5,16,832930.5284321974,1.05499973510911,264614.11866852443,100,0.3176905031522862,0.3011285146146791,0.019436793411749177,0.005046960945808843,0.997506217799198,15.233045255803074,0.5,500,TRUE
B1,CAL,A,CAL_1_A_6,50,757711.8041995624,0.9597268024552376,482876.0309222594,100,0.6372819167471777,0.6640242984949887,0.012388653579510607,0.005735246304001997,0.9908360131116158,53.13644844180002,0.5,500,TRUE
B1,CAL,B,CAL_1_B_6,50,774381.3303411012,0.9808406229521524,471299.0985210045,100,0.6086137153040682,0.6205021499540376,0.011133049771553587,0.005272758829276913,0.9980204114570064,55.261532441609404,0.5,500,TRUE
B1,CAL,C,CAL_1_C_6,50,695198.8993228636,0.8805472120397486,701161.0264681497,100,1.0085761458355205,1.1453970122728554,0.019436793411749177,0.005046960945808843,0.997506217799198,58.66965950452127,0.5,500,TRUE
B1,CAL,A,CAL_1_A_7,160,785310.8778722502,0.9946841181256676,1809876.2632401732,100,2.3046621589451526,2.316978945323809,0.012388653579510607,0.005735246304001997,0.9908360131116158,186.56133083278198,0.5,500,TRUE
B1,CAL,B,CAL_1_B_7,160,809655.7316577716,1.0255196000995834,1550709.4408261003,100,1.9152701329625863,1.8676094857442056,0.011133049771553587,0.005272758829276913,0.9980204114570064,167.28001447307324,0.5,500,TRUE
B1,CAL,C,CAL_1_C_7,160,924194.9985276888,1.1705964007240075,3254950.39879529,100,3.5219303328633758,3.0086632170448167,0.019436793411749177,0.005046960945808843,0.997506217799198,154.53249887830665,0.5,500,TRUE
B1,CAL,A,CAL_1_A_8,500,868578.0613866413,1.1001513252363448,5561772.856904033,100,6.403308008983028,5.820388397575587,0.012388653579510607,0.005735246304001997,0.9908360131116158,469.35311524799965,0.5,500,TRUE
B1,CAL,B,CAL_1_B_8,500,750381.1083366555,0.950441655699854,3894087.691249088,100,5.189479916253463,5.460072046644683,0.011133049771553587,0.005272758829276913,0.9980204114570064,489.9645110500754,0.5,500,TRUE
B1,CAL,C,CAL_1_C_8,500,817578.78168511,1.035555029699975,8187279.475353933,100,10.01405572008504,9.670230391316192,0.019436793411749177,0.005046960945808843,0.997506217799198,497.26224000137603,0.5,500,TRUE
B1,QC,A,QC_B1_A_25,5,699929.6171666062,0.8865391956466152,54791.326896067025,100,0.07828119506911063,0.08829975646143279,0.012388653579510607,0.005735246304001997,0.9908360131116158,6.664526506252697,0.5,500,TRUE
B1,QC,A,QC_B1_A_26,5,858842.6701788068,1.0878203626952292,58984.1753963111,100,0.0686786735736254,0.06313420480883834,0.012388653579510607,0.005735246304001997,0.9908360131116158,4.633187790460744,0.5,500,TRUE
B1,QC,A,QC_B1_A_27,50,866320.3454631051,1.0972916753376123,671533.8017981506,100,0.7751564479755716,0.7064269832695789,0.012388653579510607,0.005735246304001997,0.9908360131116158,56.55915168412163,0.5,500,TRUE
B1,QC,A,QC_B1_A_28,50,956971.6597819768,1.2121117105375676,606184.5778204626,100,0.6334404698657088,0.5225924841405748,0.012388653579510607,0.005735246304001997,0.9908360131116158,41.72021071695754,0.5,500,TRUE
B1,QC,B,QC_B1_B_29,5,822234.764822891,1.0414523534374986,42593.57965314826,100,0.05180221206326991,0.049740357196647066,0.011133049771553587,0.005272758829276913,0.9980204114570064,3.99419739243336,0.5,500,TRUE
B1,QC,B,QC_B1_B_30,5,752028.4139680945,0.952528152647064,42248.291357092035,100,0.056179115805170175,0.058978955791541804,0.011133049771553587,0.005272758829276913,0.9980204114570064,4.824032773076369,0.5,500,TRUE
B1,QC,B,QC_B1_B_31,50,794718.0459755472,1.0065993493704462,417452.9938588964,100,0.525284402402687,0.5218405940071527,0.011133049771553587,0.005272758829276913,0.9980204114570064,46.399490326341194,0.5,500,TRUE
B1,QC,B,QC_B1_B_32,50,749836.7948584427,0.9497522217606134,373105.8658375443,100,0.49758276520423456,0.5239079770530415,0.011133049771553587,0.005272758829276913,0.9980204114570064,46.58518814394831,0.5,500,TRUE
B1,QC,C,QC_B1_C_33,5,724294.5747156808,0.9174001412870664,65905.85487134094,100,0.0909931637928008,0.09918590558002525,0.019436793411749177,0.005046960945808843,0.997506217799198,4.843337202797617,0.5,500,TRUE
B1,QC,C,QC_B1_C_34,5,802691.7421427903,1.0166989279752985,87020.45105904998,100,0.10841079643693403,0.10663018663040034,0.019436793411749177,0.005046960945808843,0.997506217799198,5.226336645796027,0.5,500,TRUE
B1,QC,C,QC_B1_C_35,50,718747.0160629582,0.9103735373755242,704451.8205901523,100,0.9801109498149851,1.0766030750855344,0.019436793411749177,0.005046960945808843,0.997506217799198,55.13029291611393,0.5,500,TRUE
B1,QC,C,QC_B1_C_36,50,802786.1757956495,1.0168185387655757,939310.2483430858,100,1.1700628095795569,1.1507095562990233,0.019436793411749177,0.005046960945808843,0.997506217799198,58.942983602464125,0.5,500,TRUE
B1,UNK,A,UNK_B1_A_37,2.7941672881881794,817532.8294896419,1.0354968261014854,29764.256468524098,100,0.036407414350693314,0.03515936836596847,0.012388653579510607,0.005735246304001997,0.9908360131116158,2.375086354067608,0.5,500,TRUE
B1,UNK,A,UNK_B1_A_38,3.995856877247797,785394.0684578025,0.9947894883128866,49199.89232653568,100,0.06264357512037803,0.06297168984627935,0.012388653579510607,0.005735246304001997,0.9908360131116158,4.620069741633568,0.5,500,TRUE
B1,UNK,A,UNK_B1_A_39,380.9554611081518,774038.6169833426,0.9804065381283746,3687216.692770466,100,4.763608186811971,4.858809077207748,0.012388653579510607,0.005735246304001997,0.9908360131116158,391.73537299728565,0.5,500,TRUE
B1,UNK,A,UNK_B1_A_40,120.81190610123284,738263.2444284087,0.935093024839424,1229073.9917032488,100,1.6648180726575985,1.7803769554836368,0.012388653579510607,0.005735246304001997,0.9908360131116158,143.247343045792,0.5,500,TRUE
B1,UNK,A,UNK_B1_A_41,24.918434298148423,701890.8186806756,0.8890232768601268,256972.47265915727,100,0.3661145947772635,0.4118166580185792,0.012388653579510607,0.005735246304001997,0.9908360131116158,32.778494378613395,0.5,500,TRUE
B1,UNK,A,UNK_B1_A_42,44.434535595436046,856558.6695421012,1.084927420265506,484636.9559937147,100,0.5657954010935313,0.5215053012072167,0.012388653579510607,0.005735246304001997,0.9908360131116158,41.632454373915046,0.5,500,TRUE
B1,UNK,A,UNK_B1_A_43,5.555132708585948,791273.3470137028,1.0022362526076023,64423.51651505446,100,0.0814175237396677,0.081235859836278,0.012388653579510607,0.005735246304001997,0.9908360131116158,6.09433567963715,0.5,500,TRUE
B1,UNK,A,UNK_B1_A_44,38.138301777125186,855127.0088199397,1.0831140617306836,434485.4942203611,100,0.5080946920621108,0.4691054340576446,0.012388653579510607,0.005735246304001997,0.9908360131116158,37.40278834820299,0.5,500,TRUE
B1,UNK,A,UNK_B1_A_45,6.210546240178834,691270.3107006769,0.8755712148655772,52639.17968633975,100,0.07614847458584512,0.08697005257023653,0.012388653579510607,0.005735246304001997,0.9908360131116158,6.557194108695351,0.5,500,TRUE
B1,UNK,A,UNK_B1_A_46,18.1119874566284,802852.5754637503,1.0169026413766176,191354.36230667596,100,0.2383430883262027,0.23438142318476932,0.012388653579510607,0.005735246304001997,0.9908360131116158,18.45609576644564,0.5,500,TRUE
B1,UNK,A,UNK_B1_A_47,53.77096198304203,842654.8136688616,1.067316630694768,706483.872837424,100,0.8384024648971521,0.785523658852196,0.012388653579510607,0.005735246304001997,0.9908360131116158,62.94375797527129,0.5,500,TRUE
B1,UNK,A,UNK_B1_A_48,16.295466351449857,787433.2676815555,0.9973723623551474,170051.11101023344,100,0.21595621875478535,0.21652516843843223,0.012388653579510607,0.005735246304001997,0.9908360131116158,17.01475634794182,0.5,500,TRUE
B1,UNK,B,UNK_B1_B_49,3.6428943418492614,774397.246970292,0.9808607831443976,29334.021027391955,100,0.037879810578042114,0.03861894697900837,0.011133049771553587,0.005272758829276913,0.9980204114570064,2.995242887976246,0.5,500,TRUE
B1,UNK,B,UNK_B1_B_50,93.12000554326536,727775.6678400987,0.9218093353300124,704350.2474889017,100,0.9678123062004542,1.0499050824365674,0.011133049771553587,0.005272758829276913,0.9980204114570064,93.83164047972409,0.5,500,TRUE
B1,UNK,B,UNK_B1_B_51,1.265376224792051,952001.3040903892,1.205816198776349,16220.652958574738,100,0.017038477666869504,0.014130244463592373,0.011133049771553587,0.005272758829276913,0.9980204114570064,0.795602805706259,0.5,500,TRUE
B1,UNK,B,UNK_B1_B_52,5.481820822113601,848760.4838461981,1.075050145315583,56166.380181727705,100,0.06617459371718994,0.0615548902584114,0.011133049771553587,0.005272758829276913,0.9980204114570064,5.055410025466944,0.5,500,TRUE
B1,UNK,B,UNK_B1_B_53,69.02158167770074,933530.4779554044,1.182420830237829,751225.1264374168,100,0.8047140871958799,0.6805648772561135,0.011133049771553587,0.005272758829276913,0.9980204114570064,60.656525595735424,0.5,500,TRUE
B1,UNK,B,UNK_B1_B_54,18.401120515415094,795828.5792948076,1.0080059641091987,156702.96369355885,100,0.19690542381930423,0.19534152656856024,0.011133049771553587,0.005272758829276913,0.9980204114570064,17.072479836112304,0.5,500,TRUE
B1,UNK,B,UNK_B1_B_55,2.0702823894743574,739657.5509537805,0.9368590701033634,20542.710373216312,100,0.027773272032073092,0.02964509062073645,0.011133049771553587,0.005272758829276913,0.9980204114570064,2.1891873558073964,0.5,500,TRUE
B1,UNK,B,UNK_B1_B_56,18.33121941466816,670032.529449028,0.8486711879966273,120186.77691742795,100,0.17937454024248392,0.21135929059394057,0.011133049771553587,0.005272758829276913,0.9980204114570064,18.511237800377213,0.5,500,TRUE
B1,UNK,B,UNK_B1_B_57,17.229620097059666,739287.2297805869,0.9363900168914948,103426.85571216508,100,0.13990077407783866,0.14940438444897455,0.011133049771553587,0.005272758829276913,0.9980204114570064,12.946284133928241,0.5,500,TRUE
B1,UNK,B,UNK_B1_B_58,85.22299371389451,807374.4908086563,1.0226301532497162,685308.0140563924,100,0.8488105852465023,0.8300269482071796,0.011133049771553587,0.005272758829276913,0.9980204114570064,74.081604439177,0.5,500,TRUE
B1,UNK,B,UNK_B1_B_59,2.3684521933566622,869539.4525529888,1.1013690347465748,23075.79835593243,100,0.0265379544173428,0.024095424494523936,0.011133049771553587,0.005272758829276913,0.9980204114570064,1.6907016542171058,0.5,500,TRUE
B1,UNK,B,UNK_B1_B_60,155.91060423611782,809462.628632877,1.0252750135066342,1011956.7736044234,100,1.2501587322364025,1.2193398997997849,0.011133049771553587,0.005272758829276913,0.9980204114570064,109.05072427436818,0.5,500,TRUE
B1,UNK,C,UNK_B1_C_61,172.6833870234834,696981.5737490702,0.8828051687158879,2679284.869488556,100,3.844125828286476,4.354444179204422,0.019436793411749177,0.005046960945808843,0.997506217799198,223.77133543177362,0.5,500,TRUE
B1,UNK,C,UNK_B1_C_62,1.03767539058405,842303.3264962359,1.0668714328525033,19128.56048199857,100,0.022709824216851235,0.021286373894304943,0.019436793411749177,0.005046960945808843,0.997506217799198,0.8354985621589042,0.5,500,TRUE
B1,UNK,C,UNK_B1_C_63,5.743215469730185,659231.0508946535,0.8349899065155639,79727.70029351745,100,0.12094045052234365,0.14484061373511867,0.019436793411749177,0.005046960945808843,0.997506217799198,7.192217863714453,0.5,500,TRUE
B1,UNK,C,UNK_B1_C_64,0.871366100777424,760623.4874625319,0.96341477518081,13526.779208957603,100,0.017783804249962672,0.01845913588633211,0.019436793411749177,0.005046960945808843,0.997506217799198,0.6900405152434176,0.5,500,TRUE
B1,UNK,C,UNK_B1_C_65,3.533566374960118,764550.0192287472,0.968388167116692,62257.68672382714,100,0.08143049526913966,0.08408869297896655,0.019436793411749177,0.005046960945808843,0.997506217799198,4.066603495686612,0.5,500,TRUE
B1,UNK,C,UNK_B1_C_66,64.55022601625592,635692.2614693397,0.8051753952678631,1029697.9281420646,100,1.6198056678588784,2.0117426307096813,0.019436793411749177,0.005046960945808843,0.997506217799198,103.24211546904966,0.5,500,TRUE
B1,UNK,C,UNK_B1_C_67,5.427858219984003,862147.0679037052,1.0920057522390905,92089.68208710902,100,0.10681435397214004,0.09781482721416421,0.019436793411749177,0.005046960945808843,0.997506217799198,4.772796844786082,0.5,500,TRUE
B1,UNK,C,UNK_B1_C_68,18.864470189504313,740331.609357829,0.9377128405121126,292847.0005840247,100,0.3955619304679468,0.4218369562390964,0.019436793411749177,0.005046960945808843,0.997506217799198,21.443351609702546,0.5,500,TRUE
B1,UNK,C,UNK_B1_C_69,1.1027642117477243,763135.353781981,0.9665963350002542,23718.890149266095,100,0.031080843040122486,0.0321549357417275,0.019436793411749177,0.005046960945808843,0.997506217799198,1.3946731964302503,0.5,500,TRUE
B1,UNK,C,UNK_B1_C_70,26.72065196660355,899655.823582375,1.1395147892529622,556276.0698939945,100,0.6183209793262238,0.5426177748264064,0.019436793411749177,0.005046960945808843,0.997506217799198,27.657381672619213,0.5,500,TRUE
B1,UNK,C,UNK_B1_C_71,1.702007103326881,839773.7499935607,1.063667441103895,38648.16083660805,100,0.046022111118505904,0.04326738728670988,0.019436793411749177,0.005046960945808843,0.997506217799198,1.9663956667768825,0.5,500,TRUE
B1,UNK,C,UNK_B1_C_72,205.50793716166189,780947.0409769233,0.9891568303009616,3380268.0592834433,100,4.3284216238977065,4.375869924065264,0.019436793411749177,0.005046960945808843,0.997506217799198,224.8736646281055,0.5,500,TRUE
B2,CAL,A,CAL_2_A_1,0,957554.2580475968,1.0513762778404674,2463.1372877031595,100,0.0025723213770939392,0.002446622994364588,0.009784276837939978,0.003791566253792196,0.9867827365190855,0,0.5,500,FALSE
B2,CAL,B,CAL_2_B_1,0,947126.8478781944,1.0399271807273958,3011.6806295914644,100,0.0031798070515458377,0.0030577208774576546,0.008877530650009536,0.0038095579775409157,0.999010858512674,0,0.5,500,FALSE
B2,CAL,C,CAL_2_C_1,0,1062209.4189887575,1.1662856447430403,5024.457171496694,100,0.004730194518779609,0.004055777021779068,0.018775788033778232,-0.002393592118383775,0.995697136797932,0.3434939257175372,0.5,500,FALSE
B2,CAL,A,CAL_2_A_2,0.5,935890.0035349232,1.0275893403585483,6242.755133615748,100,0.0066703940741288156,0.006491303298067855,0.009784276837939978,0.003791566253792196,0.9867827365190855,0.27592606883393056,0.5,500,FALSE
B2,CAL,B,CAL_2_B_2,0.5,956872.0826786564,1.0506272623207686,7822.126577581355,100,0.008174683658534783,0.0077807648361203074,0.008877530650009536,0.0038095579775409157,0.999010858512674,0.4473323737356092,0.5,500,FALSE
B2,CAL,C,CAL_2_C_2,0.5,942416.3986660097,1.0347551975023812,11996.112920281668,100,0.012729100360798227,0.012301557307006359,0.018775788033778232,-0.002393592118383775,0.995697136797932,0.7826648553420553,0.5,500,TRUE
B2,CAL,A,CAL_2_A_3,1.6,876405.2660334199,0.96227623525036865,20131.141307686634,100,0.022970128190579555,0.023870617759362105,0.009784276837939978,0.003791566253792196,0.9867827365190855,2.0521753255907913,0.5,500,TRUE
B2,CAL,B,CAL_2_B_3,1.6,919653.4786674812,1.0097619463109238,15553.989171146875,100,0.01691288026625377,0.016749373778684656,0.008877530650009536,0.0038095579775409157,0.999010858512674,1.4575917911508243,0.5,500,TRUE
B2,CAL,C,CAL_2_C_3,1.6,1060013.406062035,1.1638744645121728,28640.495827788454,100,0.027018993971206752,0.02321469780036072,0.018775788033778232,-0.002393592118383775,0.995697136797932,1.3638996069126035,0.5,500,TRUE
B2,CAL,A,CAL_2_A_4,5,831016.9691527946,0.9124407525810432,45100.60878627504,100,0.05427158585251782,0.05947957245333297,0.009784276837939978,0.003791566253792196,0.9867827365190855,5.691581209517939,0.5,500,TRUE
B2,CAL,B,CAL_2_B_4,5,921852.1085088842,1.012175999864105,45133.50099445035,100,0.048959589697586924,0.04837062892635298,0.008877530650009536,0.0038095579775409157,0.999010858512674,5.019534452270711,0.5,500,TRUE
B2,CAL,C,CAL_2_C_4,5,1034820.437182828,1.1362130660844982,85937.41268426899,100,0.08304572425939236,0.07308992189781453,0.018775788033778232,-0.002393592118383775,0.995697136797932,4.020258104767752,0.5,500,TRUE
B2,CAL,A,CAL_2_A_5,16,889394.2498752332,0.976537891307729,147767.03534792,100,0.1661434570424187,0.17013518729921273,0.009784276837939978,0.003791566253792196,0.9867827365190855,17.00111554493211,0.5,500,TRUE
B2,CAL,B,CAL_2_B_5,16,814824.48937999,0.8946617192056914,118795.17635174384,100,0.14579234902737956,0.16295807219383274,0.008877530650009536,0.0038095579775409157,0.999010858512674,17.92711515066646,0.5,500,TRUE
B2,CAL,C,CAL_2_C_5,16,831546.0192117724,0.9130216394364088,217794.57850001263,100,0.26191524397706994,0.28686641440256044,0.018775788033778232,-0.002393592118383775,0.995697136797932,15.406011508041972,0.5,500,TRUE
B2,CAL,A,CAL_2_A_6,50,875231.3492329195,0.9609872970352944,465845.8776534569,100,0.5322545611074592,0.5538622235168952,0.009784276837939978,0.003791566253792196,0.9867827365190855,56.219858286319415,0.5,500,TRUE
B2,CAL,B,CAL_2_B_6,50,833589.1815911459,0.9152649926870428,371853.4541207062,100,0.4460871881889306,0.48738583006360164,0.008877530650009536,0.0038095579775409157,0.999010858512674,54.47193495023769,0.5,500,TRUE
B2,CAL,C,CAL_2_C_6,50,887024.5997857056,0.97393606079006,629593.5673152573,100,0.7097814056874628,0.7287761838407399,0.018775788033778232,-0.002393592118383775,0.995697136797932,38.94216182264768,0.5,500,TRUE
B2,CAL,A,CAL_2_A_7,160,873018.8629424456,0.9585580293658108,1036840.9620533752,100,1.1876501254036818,1.238996585516518,0.009784276837939978,0.003791566253792196,0.9867827365190855,126.24387471060058,0.5,500,TRUE
B2,CAL,B,CAL_2_B_7,160,894091.0792650662,0.9816949202280566,1237228.9507510231,100,1.3837840231758187,1.4095866186761496,0.008877530650009536,0.0038095579775409157,0.999010858512674,158.35226214590412,0.5,500,TRUE
B2,CAL,C,CAL_2_C_7,160,947835.8120020152,1.0407056097880578,3010173.677160124,100,3.1758387254877474,3.0516206462406927,0.018775788033778232,-0.002393592118383775,0.995697136797932,162.65704708983768,0.5,500,TRUE
B2,CAL,A,CAL_2_A_8,500,967651.9155444788,1.0624633128202146,5291149.643360901,100,5.468029937587293,5.146558823826954,0.009784276837939978,0.003791566253792196,0.9867827365190855,525.6154688542052,0.5,500,FALSE
B2,CAL,B,CAL_2_B_8,500,1063607.375582917,1.1678205743704713,5467677.580318224,100,5.140691674238934,4.401953336890036,0.008877530650009536,0.0038095579775409157,0.999010858512674,495.4242291360346,0.5,500,TRUE
B2,CAL,C,CAL_2_C_8,500,904506.3009731468,0.9931306346435008,8598375.037085695,100,9.506152724237314,9.57190564124496,0.018775788033778232,-0.002393592118383775,0.995697136797932,509.9279570124503,0.5,500,FALSE
B2,QC,A,QC_B2_A_97,5,881541.7611471788,0.9679160087341824,48231.35422485657,100,0.05471250070114835,0.05652608305621483,0.009784276837939978,0.003791566253792196,0.9867827365190855,5.389720433699991,0.5,500,TRUE
B2,QC,A,QC_B2_A_98,5,1044736.370789146,1.1471005717048903,47059.77018754552,100,0.04504463662158016,0.039268254007259445,0.009784276837939978,0.003791566253792196,0.9867827365190855,3.6258875685018594,0.5,500,TRUE
B2,QC,A,QC_B2_A_99,50,1065986.6204610716,1.1704329397827098,551422.5590122746,100,0.5172884428641024,0.4419633327819163,0.009784276837939978,0.003791566253792196,0.9867827365190855,44.783255194604514,0.5,500,TRUE
B2,QC,A,QC_B2_A_100,50,914701.1679327234,1.0043244037557528,537686.275498502,100,0.5878272536960935,0.5852961966251797,0.009784276837939978,0.003791566253792196,0.9867827365190855,59.43256103675619,0.5,500,TRUE
B2,QC,B,QC_B2_B_101,5,880465.4758886998,0.966734268086648,28581.05995933532,100,0.03246130682237934,0.03357831401448764,0.008877530650009536,0.0038095579775409157,0.999010858512674,3.3532698686784874,0.5,500,TRUE
B2,QC,B,QC_B2_B_102,5,744800.264402721,0.8177764582436905,33749.71846699457,100,0.045313784218456936,0.05541096685000659,0.008877530650009536,0.0038095579775409157,0.999010858512674,5.812585831219884,0.5,500,TRUE
B2,QC,B,QC_B2_B_103,50,1039295.1724250744,1.141126239874678,532385.5364360145,100,0.5122563354102326,0.4489041768652084,0.008877530650009536,0.0038095579775409157,0.999010858512674,50.137210045812616,0.5,500,TRUE
B2,QC,B,QC_B2_B_104,50,834478.7816861002,0.916241756592314,405377.69245555566,100,0.4857855003053195,0.5301935835276191,0.008877530650009536,0.0038095579775409157,0.999010858512674,59.293968818853116,0.5,500,TRUE
B2,QC,C,QC_B2_C_105,5,808414.5429955148,0.8876237205604683,79069.95826374073,100,0.09780867866472737,0.11019160078661312,0.018775788033778232,-0.002393592118383775,0.995697136797932,5.996296544382191,0.5,500,TRUE
B2,QC,C,QC_B2_C_106,5,1187977.49468547,1.3043765886095289,112615.91685397136,100,0.09479633861564664,0.07267559034979304,0.018775788033778232,-0.002393592118383775,0.995697136797932,3.9981907727720936,0.5,500,TRUE
B2,QC,C,QC_B2_C_107,50,932167.5256982,1.0235021308250671,853992.142716726,100,0.9161359081642326,0.8950991703609994,0.018775788033778232,-0.002393592118383775,0.995697136797932,47.80053763201659,0.5,500,TRUE
B2,QC,C,QC_B2_C_108,50,907733.592424972,0.9966741389886694,790244.1026762752,100,0.8705683135127471,0.8734733645202407,0.018775788033778232,-0.002393592118383775,0.995697136797932,46.64874545147784,0.5,500,TRUE
B2,UNK,A,UNK_B2_A_109,0.8761299192615546,661922.3097408373,0.7267780477044196,6883.187861574,100,0.010398785114629203,0.01430806165303769,0.009784276837939978,0.003791566253792196,0.9867827365190855,1.0748362473214403,0.5,500,TRUE
B2,UNK,A,UNK_B2_A_110,103.92268419836984,901674.10825288,0.9900209411558104,831150.9624205289,100,0.9217864357123444,0.9310777150190329,0.009784276837939978,0.003791566253792196,0.9867827365190855,94.77308994054133,0.5,500,TRUE
B2,UNK,A,UNK_B2_A_111,1.3992423017690878,999655.9886084162,1.0976031734922396,16778.32492754734,100,0.016784098848748777,0.015291591035899502,0.009784276837939978,0.003791566253792196,0.9867827365190855,1.1753576654244147,0.5,500,TRUE
B2,UNK,A,UNK_B2_A_112,20.15432101957604,948456.2979889496,1.0413868915451097,187031.63486484415,100,0.19719583839699828,0.18935886364424856,0.009784276837939978,0.003791566253792196,0.9867827365190855,18.965867428330704,0.5,500,TRUE
B2,UNK,A,UNK_B2_A_113,8.713933681804383,993853.558547042,1.0912322161610113,81848.44393371853,100,0.0823546318568063,0.0754693919746362,0.009784276837939978,0.003791566253792196,0.9867827365190855,7.325817421978767,0.5,500,TRUE
B2,UNK,A,UNK_B2_A_114,1.2364016500762447,1091433.5845238296,1.1983732200684385,17147.433448412306,100,0.015710927070192168,0.01311021208342333,0.009784276837939978,0.003791566253792196,0.9867827365190855,0.9524102786520421,0.5,500,TRUE
B2,UNK,A,UNK_B2_A_115,5.868129163917863,1017240.7007467452,1.1169108514013626,63822.838911479026,100,0.06274113773134263,0.056173809801044326,0.009784276837939978,0.003791566253792196,0.9867827365190855,5.353716418175357,0.5,500,TRUE
B2,UNK,A,UNK_B2_A_116,50.972861169458305,864428.7945897279,0.949126298458478,511988.3148777477,100,0.5922851229414977,0.624031937481299,0.009784276837939978,0.003791566253792196,0.9867827365190855,63.391539456695796,0.5,500,TRUE
B2,UNK,A,UNK_B2_A_117,253.1728232833904,974896.7638733062,1.0704180178465512,2212284.106678296,100,2.2692496156093465,2.1199658243557824,0.009784276837939978,0.003791566253792196,0.9867827365190855,216.28315440710057,0.5,500,TRUE
B2,UNK,A,UNK_B2_A_118,15.023121136692028,892691.6490725535,0.9801583726177922,130459.7458581799,100,0.1461420032255469,0.1491003977604487,0.009784276837939978,0.003791566253792196,0.9867827365190855,14.851259210409916,0.5,500,TRUE
B2,UNK,A,UNK_B2_A_119,1.9409060799582452,861757.1840272226,0.9461929211115137,18975.987054528712,100,0.022020108919601728,0.023272324732396245,0.009784276837939978,0.003791566253792196,0.9867827365190855,1.9910269099362083,0.5,500,TRUE
B2,UNK,A,UNK_B2_A_120,23.55362357526146,650670.8268572952,0.7144241344980765,134262.6386541151,100,0.20634494910828619,0.2888269574672967,0.009784276837939978,0.003791566253792196,0.9867827365190855,29.13198348070424,0.5,500,TRUE
B2,UNK,B,UNK_B2_B_121,2.707444033534688,838844.5754979412,0.921035314773624,22943.525463581653,100,0.027351342708465738,0.02969630183527574,0.008877530650009536,0.0038095579775409157,0.999010858512674,2.9159847347535792,0.5,500,TRUE
B2,UNK,B,UNK_B2_B_122,212.97654324662523,955190.9980452053,1.0487814635163684,1734606.663879444,100,1.8159788643625305,1.731513120258526,0.008877530650009536,0.0038095579775409157,0.999010858512674,194.61533059073463,0.5,500,TRUE
B2,UNK,B,UNK_B2_B_123,9.001983706589145,1108218.9712526894,1.216803253951933,74678.0608205347,100,0.06738565460228622,0.055379252466190514,0.008877530650009536,0.0038095579775409157,0.999010858512674,5.809013398178942,0.5,500,TRUE
B2,UNK,B,UNK_B2_B_124,5.5223114502948905,956364.0584525104,1.0500694614280786,50121.382252701704,100,0.05240826629746307,0.04990933287993027,0.008877530650009536,0.0038095579775409157,0.999010858512674,5.192860122914905,0.5,500,TRUE
B2,UNK,B,UNK_B2_B_125,2.1627312136909222,967249.0920919614,1.062021020366732,21207.720274065578,100,0.021925810473698796,0.020645363936513686,0.008877530650009536,0.0038095579775409157,0.999010858512674,1.8964514596133428,0.5,500,TRUE
B2,UNK,B,UNK_B2_B_126,209.8305472349979,822791.8045211348,0.9034096789866424,1763844.3383002402,100,2.143731049103969,2.372933453080334,0.008877530650009536,0.0038095579775409157,0.999010858512674,266.8674419164352,0.5,500,TRUE
B2,UNK,B,UNK_B2_B_127,2.249996327014568,925576.6459572624,1.0162654708118266,20839.17713753094,100,0.02251480439632135,0.02215445180710093,0.008877530650009536,0.0038095579775409157,0.999010858512674,2.066441058081879,0.5,500,TRUE
B2,UNK,B,UNK_B2_B_128,215.43137987218188,721484.5467683591,0.7921762458112623,1505798.620379425,100,2.087083676461443,2.6346203733035125,0.008877530650009536,0.0038095579775409157,0.999010858512674,296.3448867758227,0.5,500,TRUE
B2,UNK,B,UNK_B2_B_129,1.8406152407186684,954955.309554209,1.0485226820569251,19576.892591961616,100,0.020500323309475578,0.01955162597842838,0.008877530650009536,0.0038095579775409157,0.999010858512674,1.7732485103693285,0.5,500,TRUE
B2,UNK,B,UNK_B2_B_130,1.8126442899667945,974221.7612427076,1.0696768778564911,17036.75225031961,100,0.017487550502452025,0.016348442099164615,0.008877530650009536,0.0038095579775409157,0.999010858512674,1.4124292684486797,0.5,500,TRUE
B2,UNK,B,UNK_B2_B_131,1.5390679632037387,927658.5772224858,1.0185513915583058,16792.93795490258,100,0.01810249844849441,0.017772788490131038,0.008877530650009536,0.0038095579775409157,0.999010858512674,1.5728732530565945,0.5,500,TRUE
B2,UNK,B,UNK_B2_B_132,19.223777317829818,974582.8546834502,1.070073351554446,173038.79889274118,100,0.17755165511191465,0.16592475165743878,0.008877530650009536,0.0038095579775409157,0.999010858512674,18.26129360417626,0.5,500,TRUE
B2,UNK,C,UNK_B2_C_133,5.167949116195067,939149.4068046263,1.031168102866136,89324.67755952287,100,0.09511231856435097,0.09223745216709661,0.018775788033778232,-0.002393592118383775,0.995697136797932,5.040057126509746,0.5,500,TRUE
B2,UNK,C,UNK_B2_C_134,0.9444915706141546,980022.73500284,1.0760462361967835,21391.0225247492,100,0.02182706763908616,0.020284507212471214,0.018775788033778232,-0.002393592118383775,0.995697136797932,1.2078374175324293,0.5,500,TRUE
B2,UNK,C,UNK_B2_C_135,5.480486548810219,1078567.370222671,1.184246362620766,107958.56001588496,100,0.10009440577976769,0.08452160710737278,0.018775788033778232,-0.002393592118383775,0.995697136797932,4.629110590159698,0.5,500,TRUE
B2,UNK,C,UNK_B2_C_136,80.5468723145318,1012072.5167469945,1.1112362841262595,1638985.8481013838,100,1.6194351896536183,1.4573274944193748,0.018775788033778232,-0.002393592118383775,0.995697136797932,77.7448639658519,0.5,500,TRUE
B2,UNK,C,UNK_B2_C_137,0.9972100108792608,913737.5737446372,1.0032663957501444,19772.21445382927,100,0.021638832660453803,0.021568381789837984,0.018775788033778232,-0.002393592118383775,0.995697136797932,1.2762166820968268,0.5,500,TRUE
B2,UNK,C,UNK_B2_C_138,26.80485508101064,809262.8118197427,0.8885551035202636,331203.2951225052,100,0.40926543303991375,0.46059657011533944,0.018775788033778232,-0.002393592118383775,0.995697136797932,24.658893751931444,0.5,500,TRUE
B2,UNK,C,UNK_B2_C_139,4.565594310046217,948837.8079921466,1.0418057822385085,84734.61650324483,100,0.08930358359407425,0.08571999226399889,0.018775788033778232,-0.002393592118383775,0.995697136797932,4.692936681212185,0.5,500,TRUE
B2,UNK,C,UNK_B2_C_140,2.845835024233215,874310.7314175244,0.9599764762656836,40962.35869670791,100,0.04685103044577233,0.048804352610829826,0.018775788033778232,-0.002393592118383775,0.995697136797932,2.7268067064405974,0.5,500,TRUE
B2,UNK,C,UNK_B2_C_141,1.8367382189940349,1046784.4379043538,1.149349310261748,30383.791880828147,100,0.02902583452774291,0.025254145339968653,0.018775788033778232,-0.002393592118383775,0.995697136797932,1.4725207489887124,0.5,500,TRUE
B2,UNK,C,UNK_B2_C_142,6.0547432509347265,764395.7308988476,0.8392919060150283,76502.68573050867,100,0.1000825654017582,0.11924643224185474,0.018775788033778232,-0.002393592118383775,0.995697136797932,6.478557605220313,0.5,500,TRUE
B2,UNK,C,UNK_B2_C_143,2.0969959494105725,872897.5418821226,0.9584248211598484,32656.266012432192,100,0.03741133918422942,0.039034192727767286,0.018775788033778232,-0.002393592118383775,0.995697136797932,2.2064471952719735,0.5,500,TRUE
B2,UNK,C,UNK_B2_C_144,1.7941299797595622,949197.6094115688,1.042200837321742,31364.933686049204,100,0.03304362903473082,0.03170562510738973,0.018775788033778232,-0.002393592118383775,0.995697136797932,1.8161270868859376,0.5,500,TRUE
B3,CAL,A,CAL_3_A_1,0,957812.7342206594,0.9848263463465022,3328.3420591389636,100,0.0034749402886641778,0.0035284802255295795,0.01050392950412485,0.0030249568033681343,0.9963531507529629,0.0479366718868128,0.5,500,FALSE
B3,CAL,B,CAL_3_B_1,0,913617.7274829692,0.939384888473578,2832.2526532804577,100,0.0031000412624253224,0.0033000757202541657,0.007602829706370189,0.0030517509782031467,0.9750472416455924,0.03266214707439191,0.5,500,FALSE
B3,CAL,C,CAL_3_C_1,0,942933.9148383888,0.9695278931033284,2361.713836518346,100,0.002504644068214605,0.0025833646314162,0.015255849147035939,0.003102441183947585,0.9682142282368716,0,0.5,500,FALSE
B3,CAL,A,CAL_3_A_2,0.5,1033796.9808684848,1.0629536099884471,7946.26114735307,100,0.007686481286371602,0.00723124811293989,0.01050392950412485,0.0030249568033681343,0.9963531507529629,0.40044930879629026,0.5,500,FALSE
B3,CAL,B,CAL_3_B_2,0.5,1059631.9343959126,1.089517198027554,6959.062180972541,100,0.006567433422002183,0.006027838233202531,0.007602829706370189,0.0030517509782031467,0.9750472416455924,0.3914446817749722,0.5,500,FALSE
B3,CAL,C,CAL_3_C_2,0.5,1036780.4888787008,1.0660212631820405,10450.261034431958,100,0.010079530958124153,0.00945528134029622,0.015255849147035939,0.003102441183947585,0.9682142282368716,0.41641996424584,0.5,500,FALSE
B3,CAL,A,CAL_3_A_3,1.6,1193682.4042881432,1.227348352044748,25431.148536387904,100,0.021304786302478725,0.017358385878781035,0.01050392950412485,0.0030249568033681343,0.9963531507529629,1.3645778058377316,0.5,500,TRUE
B3,CAL,B,CAL_3_B_3,1.6,1086701.0514649136,1.1173497572632392,16697.477624749703,100,0.01536529075981005,0.013751549736265889,0.007602829706370189,0.0030517509782031467,0.9750472416455924,1.407344261452771,0.5,500,TRUE
B3,CAL,C,CAL_3_C_3,1.6,1000551.9673899718,1.0287709728313787,23211.41508740204,100,0.023198610211072862,0.022549829674165234,0.015255849147035939,0.003102441183947585,0.9682142282368716,1.2747496584938431,0.5,500,TRUE
B3,CAL,A,CAL_3_A_4,5,908402.9055350792,0.9340229906178694,48388.66053325086,100,0.05326783989616188,0.05703054467741147,0.01050392950412485,0.0030249568033681343,0.9963531507529629,5.14146518717929,0.5,500,TRUE
B3,CAL,B,CAL_3_B_4,5,1256477.040677054,1.2919140130717617,59547.79892676601,100,0.04739266775195399,0.03668407283490119,0.007602829706370189,0.0030517509782031467,0.9750472416455924,4.4236584476591,0.5,500,TRUE
B3,CAL,C,CAL_3_C_4,5,1038453.5885767844,1.0677415500438328,80070.45248551376,100,0.07710547044789115,0.07221360866281341,0.015255849147035939,0.003102441183947585,0.9682142282368716,4.530142295769452,0.5,500,TRUE
B3,CAL,A,CAL_3_A_5,16,906015.221405084,0.9315679655863992,164298.10884835213,100,0.1813414443452199,0.19466260224080364,0.01050392950412485,0.0030249568033681343,0.9963531507529629,18.24437657946773,0.5,500,TRUE
B3,CAL,B,CAL_3_B_5,16,990707.841073543,1.0186492083080971,129994.38053108826,100,0.13121363851347415,0.12881140773810695,0.007602829706370189,0.0030517509782031467,0.9750472416455924,16.54116448965488,0.5,500,TRUE
B3,CAL,C,CAL_3_C_5,16,941020.6522690672,0.9675606699516344,266948.1754939582,100,0.28367940156283555,0.2931902984202695,0.015255849147035939,0.003102441183947585,0.9682142282368716,19.014861410889285,0.5,500,TRUE
B3,CAL,A,CAL_3_A_6,50,945853.2642229276,0.9725295781774194,572861.1145157497,100,0.6056553761395408,0.6227629367063329,0.01050392950412485,0.0030249568033681343,0.9963531507529629,59.00058446313793,0.5,500,TRUE
B3,CAL,B,CAL_3_B_6,50,881780.4263023549,0.9066496659410131,393904.6014895044,100,0.4467150661773001,0.4927096793375574,0.007602829706370189,0.0030517509782031467,0.9750472416455924,64.40469499784852,0.5,500,TRUE
B3,CAL,C,CAL_3_C_6,50,983934.2070322024,1.011684534498608,816453.8962350338,100,0.8297850510733515,0.8202013797557891,0.015255849147035939,0.003102441183947585,0.9682142282368716,53.55971540467125,0.5,500,TRUE
B3,CAL,A,CAL_3_A_7,160,1003610.7502309988,1.0319160238648115,1794252.768457569,100,1.7877974782998187,1.7325028751894187,0.01050392950412485,0.0030249568033681343,0.9963531507529629,164.65056412525348,0.5,500,TRUE
B3,CAL,B,CAL_3_B_7,160,867771.6439118906,0.892245787724057,1164460.9005129712,100,1.341897846838615,1.503955373397202,0.007602829706370189,0.0030517509782031467,0.9750472416455924,197.41381569567915,0.5,500,TRUE
B3,CAL,C,CAL_3_C_7,160,658123.4429465309,0.6766847867076863,1434022.4112933483,100,2.1789565873432277,3.2200466600477773,0.015255849147035939,0.003102441183947585,0.9682142282368716,210.86628399762657,0.5,500,TRUE
B3,CAL,A,CAL_3_A_8,500,947781.8286331596,0.9745125347345466,4701305.119832916,100,4.960324177783496,5.0900568242918185,0.01050392950412485,0.0030249568033681343,0.9963531507529629,484.2979825303277,0.5,500,TRUE
B3,CAL,B,CAL_3_B_8,500,975440.9933906406,1.002951783032148,3339062.6898505352,100,3.423131396440421,3.413056793310171,0.007602829706370189,0.0030517509782031467,0.9750472416455924,448.5178774259305,0.5,500,TRUE
B3,CAL,C,CAL_3_C_8,500,1030367.472225684,1.0594273774110512,7388079.786519539,100,7.17033484234575,6.76812304007857,0.015255849147035939,0.003102441183947585,0.9682142282368716,443.4378272683038,0.5,500,TRUE
B3,QC,A,QC_B3_A_169,5,978321.4873435788,1.0059135168178797,70564.09264818614,100,0.07212771421364537,0.07170369321789725,0.01050392950412485,0.0030249568033681343,0.9963531507529629,6.538385124115624,0.5,500,TRUE
B3,QC,A,QC_B3_A_170,5,1012776.120876562,1.0413398894737045,62570.531125154215,100,0.06178120695716953,0.059328570413636886,0.01050392950412485,0.0030249568033681343,0.9963531507529629,5.360242906062779,0.5,500,TRUE
B3,QC,A,QC_B3_A_171,50,865804.1294043437,0.890222782542958,465401.22955475375,100,0.537536393912721,0.6038223290323196,0.01050392950412485,0.0030249568033681343,0.9963531507529629,57.197391889675266,0.5,500,TRUE
B3,QC,A,QC_B3_A_172,50,1041736.9618453764,1.071117525727044,622878.9601932226,100,0.5979234518950243,0.5582239460503374,0.01050392950412485,0.0030249568033681343,0.9963531507529629,52.856313347204484,0.5,500,TRUE
B3,QC,B,QC_B3_B_173,5,1042487.151185166,1.0718888729854144,46332.19325783074,100,0.04444389861799001,0.041463158857321936,0.007602829706370189,0.0030517509782031467,0.9750472416455924,5.052251511951529,0.5,500,TRUE
B3,QC,B,QC_B3_B_174,5,997045.0097247903,1.0251651069028969,36056.538959806654,100,0.0361634014594378,0.035275685073490486,0.007602829706370189,0.0030517509782031467,0.9750472416455924,4.238413240834244,0.5,500,TRUE
B3,QC,B,QC_B3_B_175,50,1104574.6411375506,1.1357274436151774,386796.4089759213,100,0.35017679618063424,0.3083281980630609,0.007602829706370189,0.0030517509782031467,0.9750472416455924,40.15300340465018,0.5,500,TRUE
B3,QC,B,QC_B3_B_176,50,1011907.5745239784,1.0404468471278607,319213.1387281034,100,0.31545681321564145,0.3031935884917674,0.007602829706370189,0.0030517509782031467,0.9750472416455924,39.4776483369191,0.5,500,TRUE
B3,QC,C,QC_B3_C_177,5,998281.4577212022,1.0264364269837938,65450.80189007531,100,0.0655634754946578,0.06387485261733893,0.015255849147035939,0.003102441183947585,0.9682142282368716,3.983548267137842,0.5,500,TRUE
B3,QC,C,QC_B3_C_178,5,998639.3279800968,1.0268043904143698,68340.00206628736,100,0.06843311709395186,0.0666466931119524,0.015255849147035939,0.003102441183947585,0.9682142282368716,4.165238612126079,0.5,500,TRUE
B3,QC,C,QC_B3_C_179,50,1015064.742119335,1.0436930577039485,719326.7810640661,100,0.708651134470691,0.6789842370223997,0.015255849147035939,0.003102441183947585,0.9682142282368716,44.3031252684987,0.5,500,TRUE
B3,QC,C,QC_B3_C_180,50,1075674.6667099108,1.1060123905487365,895919.7606388758,100,0.8328910109774746,0.7530575770170572,0.015255849147035939,0.003102441183947585,0.9682142282368716,49.15853117089969,0.5,500,TRUE
B3,UNK,A,UNK_B3_A_181,11.983267475473411,1016548.8666538702,1.0452190396528716,157565.9078147359,100,0.15500081991472653,0.14829505972853688,0.01050392950412485,0.0030249568033681343,0.9963531507529629,13.830072152342774,0.5,500,TRUE
B3,UNK,A,UNK_B3_A_182,1.017150805022407,1037070.8967645452,1.0663198615687064,15791.75585541172,100,0.015227267397705264,0.014280206105608699,0.01050392950412485,0.0030249568033681343,0.9963531507529629,1.0715274981444491,0.5,500,TRUE
B3,UNK,A,UNK_B3_A_183,67.33944138995994,862049.8743618666,0.8863626446009165,639262.2488704916,100,0.7415606310988749,0.8366334429998024,0.01050392950412485,0.0030249568033681343,0.9963531507529629,79.36158424036259,0.5,500,TRUE
B3,UNK,A,UNK_B3_A_184,1.49645136349792,936536.6936572092,0.9629502482907882,19025.339861335215,100,0.02031456961610397,0.02109617776428409,0.01050392950412485,0.0030249568033681343,0.9963531507529629,1.7204248137632172,0.5,500,TRUE
B3,UNK,A,UNK_B3_A_185,293.72067049079845,1116215.834816707,1.147696958979247,4025047.16590511,100,3.6059756906835676,3.141923190151776,0.01050392950412485,0.0030249568033681343,0.9963531507529629,298.8308548830012,0.5,500,TRUE
B3,UNK,A,UNK_B3_A_186,1.705581491771668,853536.9484872178,0.8776096249486244,18502.95441433354,100,0.02167797708948347,0.024701161511022064,0.01050392950412485,0.0030249568033681343,0.9963531507529629,2.0636281592657086,0.5,500,TRUE
B3,UNK,A,UNK_B3_A_187,3.132828478164869,997669.1389709665,1.0258068387396106,43500.413895860656,100,0.04360204420147608,0.04250512138820314,0.01050392950412485,0.0030249568033681343,0.9963531507529629,3.758609058574823,0.5,500,TRUE
B3,UNK,A,UNK_B3_A_188,233.07005628498467,1011959.5422703532,1.0405002805433516,3047235.7414751374,100,3.0112228939890207,2.894014495043243,0.01050392950412485,0.0030249568033681343,0.9963531507529629,275.22933556480893,0.5,500,TRUE
B3,UNK,A,UNK_B3_A_189,285.70588714800505,1067473.8982086172,1.097580332180945,3135839.57357287,100,2.9376264645302177,2.676456910168035,0.01050392950412485,0.0030249568033681343,0.9963531507529629,254.51731681127728,0.5,500,TRUE
B3,UNK,A,UNK_B3_A_190,4.534446260077212,938639.4662945904,0.9651123263460092,48400.075053250526,100,0.05156407416397751,0.0534280547003302,0.01050392950412485,0.0030249568033681343,0.9963531507529629,4.798499254699775,0.5,500,TRUE
B3,UNK,A,UNK_B3_A_191,1.723196283544627,987997.6144240196,1.0158625439491262,25503.18272752617,100,0.025813000310121147,0.02540993411350133,0.01050392950412485,0.0030249568033681343,0.9963531507529629,2.1311050594296836,0.5,500,TRUE
B3,UNK,A,UNK_B3_A_192,113.39715419796264,801081.2479846692,0.8236744933458846,880163.8120441701,100,1.0987197793712609,1.3339247339177673,0.01050392950412485,0.0030249568033681343,0.9963531507529629,126.70494185930706,0.5,500,TRUE
B3,UNK,B,UNK_B3_B_193,81.63414818576831,1005501.018998082,1.0338596047099906,667858.7013318146,100,0.6642048975716538,0.6424517357537833,0.007602829706370189,0.0030517509782031467,0.9750472416455924,84.10026391092855,0.5,500,TRUE
B3,UNK,B,UNK_B3_B_194,237.28863695468033,907742.0503495756,0.9333434970440728,1716507.8168240257,100,1.8909643066144075,2.0260111230250692,0.007602829706370189,0.0030517509782031467,0.9750472416455924,266.07979530988143,0.5,500,TRUE
B3,UNK,B,UNK_B3_B_195,386.7949690240058,949360.11827178,0.9761353375672356,3771299.2838908816,100,3.9724644118779437,4.069583651974205,0.007602829706370189,0.0030517509782031467,0.9750472416455924,534.870838628514,0.5,500,FALSE
B3,UNK,B,UNK_B3_B_196,279.571753287283,857051.668115527,0.8812234717542806,1356254.9389972545,100,1.5824657829315805,1.7957599106856672,0.007602829706370189,0.0030517509782031467,0.9750472416455924,235.7948591437483,0.5,500,TRUE
B3,UNK,B,UNK_B3_B_197,16.411749144592893,1010007.8386558684,1.0384935321768578,120522.01609192834,100,0.11932780269539353,0.1149047143753147,0.007602829706370189,0.0030517509782031467,0.9750472416455924,14.712017461523992,0.5,500,TRUE
B3,UNK,B,UNK_B3_B_198,4.657349077824729,1037399.7130126006,1.066657951565448,43052.4755440244,100,0.04150037348574191,0.038906918028253724,0.007602829706370189,0.0030517509782031467,0.9750472416455924,4.716029220016408,0.5,500,TRUE
B3,UNK,B,UNK_B3_B_199,3.819480430222073,942944.3387977933,0.9695386110542265,35627.62837297829,100,0.03778338434949589,0.03897047927612927,0.007602829706370189,0.0030517509782031467,0.9750472416455924,4.724389429350346,0.5,500,TRUE
B3,UNK,B,UNK_B3_B_200,18.254107232180708,1150065.3106509238,1.1825011064086297,180273.36760204163,100,0.15675054793193352,0.13255847887364783,0.007602829706370189,0.0030517509782031467,0.9750472416455924,17.034016661840365,0.5,500,TRUE
B3,UNK,B,UNK_B3_B_201,17.55443199106978,1037786.7818324252,1.0670559370567587,123796.6631278251,100,0.1192891114967149,0.11179274427332077,0.007602829706370189,0.0030517509782031467,0.9750472416455924,14.30270011230249,0.5,500,TRUE
B3,UNK,B,UNK_B3_B_202,5.788495170013324,1064831.352234887,1.0948632573255153,62134.98573397468,100,0.058351949915415875,0.05329610755041274,0.007602829706370189,0.0030517509782031467,0.9750472416455924,6.608638955849729,0.5,500,TRUE
B3,UNK,B,UNK_B3_B_203,316.30097765741203,1171889.0013018004,1.204940300167091,2378395.5503829657,100,2.0295399545015864,1.6843489708329507,0.007602829706370189,0.0030517509782031467,0.9750472416455924,221.14098102789777,0.5,500,TRUE
B3,UNK,B,UNK_B3_B_204,41.16282395198905,909244.809409674,0.9348886390762464,260793.03199771143,100,0.2868237786994142,0.30679994034671526,0.007602829706370189,0.0030517509782031467,0.9750472416455924,39.95199170566853,0.5,500,TRUE
B3,UNK,C,UNK_B3_C_205,1.7661553688703135,1051214.0761953725,1.0808619272846294,29345.80562161356,100,0.027916107942374545,0.02582763555425266,0.015255849147035939,0.003102441183947585,0.9682142282368716,1.4896053409600183,0.5,500,TRUE
B3,UNK,C,UNK_B3_C_206,11.088712757994845,1068522.0655017952,1.0986580613954562,213850.9787442376,100,0.20013716669838702,0.18216511008364475,0.015255849147035939,0.003102441183947585,0.9682142282368716,11.737312500529494,0.5,500,TRUE
B3,UNK,C,UNK_B3_C_207,234.85721171189527,971970.0240191122,0.99938292039093,3492539.3933651648,100,3.593258338280286,3.5954770338427497,0.015255849147035939,0.003102441183947585,0.9682142282368716,235.47523038773394,0.5,500,TRUE
B3,UNK,C,UNK_B3_C_208,14.643586701790474,1003600.2580742708,1.0319052357931913,232003.42965655975,100,0.23117115384339657,0.22402362719450974,0.015255849147035939,0.003102441183947585,0.9682142282368716,14.481080920591364,0.5,500,TRUE
B3,UNK,C,UNK_B3_C_209,226.05351760880473,874163.3965149915,0.8988178097258156,3375019.7894506096,100,3.860856909481372,4.295483320094788,0.015255849147035939,0.003102441183947585,0.9682142282368716,281.35968293477833,0.5,500,TRUE
B3,UNK,C,UNK_B3_C_210,32.83833886058931,1018297.2707665364,1.047016754772639,537157.3400963106,100,0.5275054304053653,0.5038175635688981,0.015255849147035939,0.003102441183947585,0.9682142282368716,32.82118992912528,0.5,500,TRUE
B3,UNK,C,UNK_B3_C_211,40.56438516009257,904395.8932763578,0.9299029668370904,470343.94960655825,100,0.5200642253058467,0.5592671965277821,0.015255849147035939,0.003102441183947585,0.9682142282368716,36.455837363329714,0.5,500,TRUE
B3,UNK,C,UNK_B3_C_212,177.38717536833397,1051706.5458266486,1.0813682862526492,2910216.359311135,100,2.767137250271353,2.558922141003905,0.015255849147035939,0.003102441183947585,0.9682142282368716,167.53047799483045,0.5,500,TRUE
B3,UNK,C,UNK_B3_C_213,18.196869385442017,893652.8391029799,0.9188569216007229,236127.36681302605,100,0.2642271769091487,0.2875607406306998,0.015255849147035939,0.003102441183947585,0.9682142282368716,18.645851614363902,0.5,500,TRUE
B3,UNK,C,UNK_B3_C_214,361.31971323915474,1003633.824307836,1.031939748709946,6220691.093918428,100,6.198168040229788,6.006327450782155,0.015255849147035939,0.003102441183947585,0.9682142282368716,393.5031706029012,0.5,500,TRUE
B3,UNK,C,UNK_B3_C_215,6.006177252132919,890239.9085610484,0.9153477346836376,77945.207946613,100,0.08755528391509745,0.09565248331046376,0.015255849147035939,0.003102441183947585,0.9682142282368716,6.066528400649382,0.5,500,TRUE
B3,UNK,C,UNK_B3_C_216,15.933329370653238,948667.983375354,0.9754236820871268,188252.91942103865,100,0.19843920393648798,0.2034389851104343,0.015255849147035939,0.003102441183947585,0.9682142282368716,13.131785847883146,0.5,500,TRUE
